video_id,cover_uri,cover_url_list,cover_width,cover_height,origin_cover_uri,origin_cover_url_list,origin_cover_width,origin_cover_height,dynamic_cover_uri,dynamic_cover_url_list,dynamic_cover_width,dynamic_cover_height,video_width,video_height,video_format,video_ratio,is_h265,is_long_video,has_watermark,bit_rate_raw,big_thumbs_raw,video_meta_raw,crawl_time
7624873382114282803,,https://p3-pc-sign.douyinpic.com/obj/c8510002be9a3a61aad2?lk3s=138a59ce&x-expires=1778482800&x-signature=Ixn7ArmIXzuJDuNFZdwa39VlbT0%3D&from=327834062,-1,-1,tos-cn-p-0015/okTkg0Y0nMAfeTz9lfXfC2nHNDwAqEOQg78bDQ,"[""https://p3-pc-sign.douyinpic.com/tos-cn-p-0015/okTkg0Y0nMAfeTz9lfXfC2nHNDwAqEOQg78bDQ~tplv-dy-360p.jpeg?lk3s=138a59ce&x-expires=1778482800&x-signature=ut7ini9x7PpXyLsqCRLmxvwFFLw%3D&from=327834062&s=PackSourceEnum_AWEME_DETAIL&se=false&sc=origin_cover&biz_tag=pcweb_cover&l=20260427150342AE6C6583678D2BBC6F27"", ""https://p9-pc-sign.douyinpic.com/tos-cn-p-0015/okTkg0Y0nMAfeTz9lfXfC2nHNDwAqEOQg78bDQ~tplv-dy-360p.jpeg?lk3s=138a59ce&x-expires=1778482800&x-signature=beCADEkTrzl%2BzQ0FxOs%2BpMzFEDE%3D&from=327834062&s=PackSourceEnum_AWEME_DETAIL&se=false&sc=origin_cover&biz_tag=pcweb_cover&l=20260427150342AE6C6583678D2BBC6F27""]",640,360,tos-cn-i-dy/dec43ec82c1f423690faf22813d329d2,"[""tos-cn-i-dy/dec43ec82c1f423690faf22813d329d2""]",-1,-1,-1,-1,,,-1,-1,False,,,,2026-04-27 15:03:29.419272
7625140333864586559,,https://p3-pc-sign.douyinpic.com/obj/c8510002be9a3a61aad2?lk3s=138a59ce&x-expires=1778482800&x-signature=Ixn7ArmIXzuJDuNFZdwa39VlbT0%3D&from=327834062,-1,-1,tos-cn-p-0015/oQEvaZnPUIHIQsid1gPiPwIURu6B6AwiBAI8b,"[""https://p3-pc-sign.douyinpic.com/tos-cn-p-0015/oQEvaZnPUIHIQsid1gPiPwIURu6B6AwiBAI8b~tplv-dy-360p.jpeg?lk3s=138a59ce&x-expires=1778482800&x-signature=ur%2BlB80eo5YZ4gM6nr13%2BjGe3T0%3D&from=327834062&s=PackSourceEnum_AWEME_DETAIL&se=false&sc=origin_cover&biz_tag=pcweb_cover&l=20260427150350B6DB266067ADCFB94362"", ""https://p9-pc-sign.douyinpic.com/tos-cn-p-0015/oQEvaZnPUIHIQsid1gPiPwIURu6B6AwiBAI8b~tplv-dy-360p.jpeg?lk3s=138a59ce&x-expires=1778482800&x-signature=87LI1lYIQhWpq1swDKVHCuZSLzg%3D&from=327834062&s=PackSourceEnum_AWEME_DETAIL&se=false&sc=origin_cover&biz_tag=pcweb_cover&l=20260427150350B6DB266067ADCFB94362""]",640,360,tos-cn-i-dy/7cbbf492ced6412da2f1786cc03e55b1,"[""tos-cn-i-dy/7cbbf492ced6412da2f1786cc03e55b1""]",-1,-1,-1,-1,,,-1,-1,False,,,,2026-04-27 15:03:44.201186
7625266759122124394,,https://p3-pc-sign.douyinpic.com/obj/c8510002be9a3a61aad2?lk3s=138a59ce&x-expires=1778482800&x-signature=Ixn7ArmIXzuJDuNFZdwa39VlbT0%3D&from=327834062,-1,-1,tos-cn-p-0015/ok4daSAaJuhTjIqBYJPPA7u2iQI5wjBuimi3I,"[""https://p3-pc-sign.douyinpic.com/tos-cn-p-0015/ok4daSAaJuhTjIqBYJPPA7u2iQI5wjBuimi3I~tplv-dy-360p.jpeg?lk3s=138a59ce&x-expires=1778482800&x-signature=wg2YnzKn%2BFW%2BKKBP7NlMkiogP7I%3D&from=327834062&s=PackSourceEnum_AWEME_DETAIL&se=false&sc=origin_cover&biz_tag=pcweb_cover&l=2026042715035882D192D81DAF58AFB129"", ""https://p9-pc-sign.douyinpic.com/tos-cn-p-0015/ok4daSAaJuhTjIqBYJPPA7u2iQI5wjBuimi3I~tplv-dy-360p.jpeg?lk3s=138a59ce&x-expires=1778482800&x-signature=jaPYFACmRV4GAL1YTclkc1Rur1w%3D&from=327834062&s=PackSourceEnum_AWEME_DETAIL&se=false&sc=origin_cover&biz_tag=pcweb_cover&l=2026042715035882D192D81DAF58AFB129""]",640,360,tos-cn-i-0813/owAAz2YAQiI7DacStaBVIjvjoP6dAJYHAikE1,"[""tos-cn-i-0813/owAAz2YAQiI7DacStaBVIjvjoP6dAJYHAikE1""]",-1,-1,-1,-1,,,-1,-1,False,,,,2026-04-27 15:03:50.675791
7625382302234791183,,https://p3-pc-sign.douyinpic.com/obj/c8510002be9a3a61aad2?lk3s=138a59ce&x-expires=1778482800&x-signature=Ixn7ArmIXzuJDuNFZdwa39VlbT0%3D&from=327834062,-1,-1,tos-cn-p-0015/oELsOLC7EGTtpEBSNAVKAeJRgeBPyGBIzeg3YF,"[""https://p3-pc-sign.douyinpic.com/tos-cn-p-0015/oELsOLC7EGTtpEBSNAVKAeJRgeBPyGBIzeg3YF~tplv-dy-360p.jpeg?lk3s=138a59ce&x-expires=1778482800&x-signature=pHhO2J91m7RGj8nAq1du0qj8zKc%3D&from=327834062&s=PackSourceEnum_AWEME_DETAIL&se=false&sc=origin_cover&biz_tag=pcweb_cover&l=202604271504060F3558BFCC37AA58BD96"", ""https://p9-pc-sign.douyinpic.com/tos-cn-p-0015/oELsOLC7EGTtpEBSNAVKAeJRgeBPyGBIzeg3YF~tplv-dy-360p.jpeg?lk3s=138a59ce&x-expires=1778482800&x-signature=G%2Bo%2FY897b6VkdhZswUZ9J%2FtyPZ4%3D&from=327834062&s=PackSourceEnum_AWEME_DETAIL&se=false&sc=origin_cover&biz_tag=pcweb_cover&l=202604271504060F3558BFCC37AA58BD96""]",640,360,tos-cn-i-dy/2a24540a33294e9bb878d5822eeef64c,"[""tos-cn-i-dy/2a24540a33294e9bb878d5822eeef64c""]",-1,-1,-1,-1,,,-1,-1,False,,,,2026-04-27 15:03:59.209786
7625492021486144777,,https://p9-pc-sign.douyinpic.com/obj/c8510002be9a3a61aad2?lk3s=138a59ce&x-expires=1778482800&x-signature=2yXEHNqEKgteriTajlpNemiPSmI%3D&from=327834062,-1,-1,tos-cn-p-0015/o4bQgf0QM8NYAipcCFxVAxEvmD9XfQAF9BBr2C,"[""https://p3-pc-sign.douyinpic.com/tos-cn-p-0015/o4bQgf0QM8NYAipcCFxVAxEvmD9XfQAF9BBr2C~tplv-dy-360p.jpeg?lk3s=138a59ce&x-expires=1778482800&x-signature=dRcCwmwIlWj0iN%2F5iiZfKhBfoQA%3D&from=327834062&s=PackSourceEnum_AWEME_DETAIL&se=false&sc=origin_cover&biz_tag=pcweb_cover&l=20260427150415336DACA479A718795E3B"", ""https://p9-pc-sign.douyinpic.com/tos-cn-p-0015/o4bQgf0QM8NYAipcCFxVAxEvmD9XfQAF9BBr2C~tplv-dy-360p.jpeg?lk3s=138a59ce&x-expires=1778482800&x-signature=XIIdndk1shzHT1PbtUm77vRl6aI%3D&from=327834062&s=PackSourceEnum_AWEME_DETAIL&se=false&sc=origin_cover&biz_tag=pcweb_cover&l=20260427150415336DACA479A718795E3B""]",640,360,tos-cn-i-dy/5bac1db6e60747629caf790b114d16c9,"[""tos-cn-i-dy/5bac1db6e60747629caf790b114d16c9""]",-1,-1,-1,-1,,,-1,-1,False,,,,2026-04-27 15:04:07.974783
7625531481825330537,,https://p3-pc-sign.douyinpic.com/obj/c8510002be9a3a61aad2?lk3s=138a59ce&x-expires=1778482800&x-signature=Ixn7ArmIXzuJDuNFZdwa39VlbT0%3D&from=327834062,-1,-1,tos-cn-p-0015/o0hVICeGTjBa1fTTCoLIAbG1BpA7x8mQQme9Gq,"[""https://p3-pc-sign.douyinpic.com/tos-cn-p-0015/o0hVICeGTjBa1fTTCoLIAbG1BpA7x8mQQme9Gq~tplv-dy-360p.jpeg?lk3s=138a59ce&x-expires=1778482800&x-signature=xfasLcNv74lDIE3ilC3IRVGcfAw%3D&from=327834062&s=PackSourceEnum_AWEME_DETAIL&se=false&sc=origin_cover&biz_tag=pcweb_cover&l=202604271504230967FB85C3F71FB63744"", ""https://p9-pc-sign.douyinpic.com/tos-cn-p-0015/o0hVICeGTjBa1fTTCoLIAbG1BpA7x8mQQme9Gq~tplv-dy-360p.jpeg?lk3s=138a59ce&x-expires=1778482800&x-signature=glbrBmwTrlaQjA45SQ2O0jO4xWE%3D&from=327834062&s=PackSourceEnum_AWEME_DETAIL&se=false&sc=origin_cover&biz_tag=pcweb_cover&l=202604271504230967FB85C3F71FB63744""]",360,640,tos-cn-i-0813c001/owDZAEtARIV07FvAFDtfDHaHiOAeC9gHTpE1AA,"[""tos-cn-i-0813c001/owDZAEtARIV07FvAFDtfDHaHiOAeC9gHTpE1AA""]",-1,-1,-1,-1,,,-1,-1,False,,,,2026-04-27 15:04:16.156054
7625546845988749440,,https://p3-pc-sign.douyinpic.com/obj/c8510002be9a3a61aad2?lk3s=138a59ce&x-expires=1778482800&x-signature=Ixn7ArmIXzuJDuNFZdwa39VlbT0%3D&from=327834062,-1,-1,tos-cn-p-0015/oIOegmiHAGIeaAS34xYIeLOxfEQVfgs5twmlnG,"[""https://p3-pc-sign.douyinpic.com/tos-cn-p-0015/oIOegmiHAGIeaAS34xYIeLOxfEQVfgs5twmlnG~tplv-dy-360p.jpeg?lk3s=138a59ce&x-expires=1778482800&x-signature=BOTsNPC5iYhAYBF%2BWpYEvkVEG%2BY%3D&from=327834062&s=PackSourceEnum_AWEME_DETAIL&se=false&sc=origin_cover&biz_tag=pcweb_cover&l=202604271504304E8207BD78CE9954E162"", ""https://p9-pc-sign.douyinpic.com/tos-cn-p-0015/oIOegmiHAGIeaAS34xYIeLOxfEQVfgs5twmlnG~tplv-dy-360p.jpeg?lk3s=138a59ce&x-expires=1778482800&x-signature=fS1buaOjUNV8kHr7aHAVz5qGVEc%3D&from=327834062&s=PackSourceEnum_AWEME_DETAIL&se=false&sc=origin_cover&biz_tag=pcweb_cover&l=202604271504304E8207BD78CE9954E162""]",640,360,tos-cn-p-0015/o0xBeEcDAR4CSPtFf4T7BEA4Q8m2PpQVsf32tE,"[""tos-cn-p-0015/o0xBeEcDAR4CSPtFf4T7BEA4Q8m2PpQVsf32tE""]",-1,-1,-1,-1,,,-1,-1,False,,,,2026-04-27 15:04:23.509657
7625929057691078053,,https://p3-pc-sign.douyinpic.com/obj/c8510002be9a3a61aad2?lk3s=138a59ce&x-expires=1778482800&x-signature=Ixn7ArmIXzuJDuNFZdwa39VlbT0%3D&from=327834062,-1,-1,tos-cn-p-0015c000-ce/ogFwi6Jp1AsoE2KBEh4L39vBniUfIHetArMwID,"[""https://p3-pc-sign.douyinpic.com/tos-cn-p-0015c000-ce/ogFwi6Jp1AsoE2KBEh4L39vBniUfIHetArMwID~tplv-dy-360p.jpeg?lk3s=138a59ce&x-expires=1778482800&x-signature=Y1MuWTpxTMkNTDaNuuubSfi0h64%3D&from=327834062&s=PackSourceEnum_AWEME_DETAIL&se=false&sc=origin_cover&biz_tag=pcweb_cover&l=202604271504367813E153176BB9555364"", ""https://p9-pc-sign.douyinpic.com/tos-cn-p-0015c000-ce/ogFwi6Jp1AsoE2KBEh4L39vBniUfIHetArMwID~tplv-dy-360p.jpeg?lk3s=138a59ce&x-expires=1778482800&x-signature=2JfmebzGpN7Qz8Oa3wRSxBOy6P4%3D&from=327834062&s=PackSourceEnum_AWEME_DETAIL&se=false&sc=origin_cover&biz_tag=pcweb_cover&l=202604271504367813E153176BB9555364""]",360,640,tos-cn-i-0813c000-ce/oEhBleXUMgH7G7AIAM9IAjFOvJqLE5BfTewcAD,"[""tos-cn-i-0813c000-ce/oEhBleXUMgH7G7AIAM9IAjFOvJqLE5BfTewcAD""]",-1,-1,-1,-1,,,-1,-1,False,,,,2026-04-27 15:04:28.233944
7625931818142878995,,,-1,-1,,[],-1,-1,,[],-1,-1,-1,-1,,,-1,-1,False,,,,2026-04-27 15:04:35.276228
7625943440111941754,,https://p3-pc-sign.douyinpic.com/obj/c8510002be9a3a61aad2?lk3s=138a59ce&x-expires=1778482800&x-signature=Ixn7ArmIXzuJDuNFZdwa39VlbT0%3D&from=327834062,-1,-1,tos-cn-p-0015c000-ce/ogmA5XF1dIDVBsBAOHgwfPEWpVIR9peEoE9QAB,"[""https://p3-pc-sign.douyinpic.com/tos-cn-p-0015c000-ce/ogmA5XF1dIDVBsBAOHgwfPEWpVIR9peEoE9QAB~tplv-dy-360p.jpeg?lk3s=138a59ce&x-expires=1778482800&x-signature=qerK6E%2Bb8MNE0o9MCAPSVOwJZM0%3D&from=327834062&s=PackSourceEnum_AWEME_DETAIL&se=false&sc=origin_cover&biz_tag=pcweb_cover&l=20260427150448B7C15562A2420A903FE5"", ""https://p9-pc-sign.douyinpic.com/tos-cn-p-0015c000-ce/ogmA5XF1dIDVBsBAOHgwfPEWpVIR9peEoE9QAB~tplv-dy-360p.jpeg?lk3s=138a59ce&x-expires=1778482800&x-signature=EFYiW%2BT37GByrxcQFgh7N3AOWfo%3D&from=327834062&s=PackSourceEnum_AWEME_DETAIL&se=false&sc=origin_cover&biz_tag=pcweb_cover&l=20260427150448B7C15562A2420A903FE5""]",640,360,tos-cn-i-0813c000-ce/oEoCAievDVY0iEA8ESXNeC6BwiIAopAlP365IA,"[""tos-cn-i-0813c000-ce/oEoCAievDVY0iEA8ESXNeC6BwiIAopAlP365IA""]",-1,-1,-1,-1,,,-1,-1,False,,,,2026-04-27 15:04:41.027821
7625983892776400448,,https://p3-pc-sign.douyinpic.com/obj/c8510002be9a3a61aad2?lk3s=138a59ce&x-expires=1778482800&x-signature=Ixn7ArmIXzuJDuNFZdwa39VlbT0%3D&from=327834062,-1,-1,tos-cn-p-0015/o0O3fFTCpuADVvtpB5FEg8D7A1A91c6QQ7fENO,"[""https://p3-pc-sign.douyinpic.com/tos-cn-p-0015/o0O3fFTCpuADVvtpB5FEg8D7A1A91c6QQ7fENO~tplv-dy-360p.jpeg?lk3s=138a59ce&x-expires=1778482800&x-signature=MhZkheXxcwgXsQ22IOmoK5STOM0%3D&from=327834062&s=PackSourceEnum_AWEME_DETAIL&se=false&sc=origin_cover&biz_tag=pcweb_cover&l=202604271504592E81426DEAA5E9B8B378"", ""https://p9-pc-sign.douyinpic.com/tos-cn-p-0015/o0O3fFTCpuADVvtpB5FEg8D7A1A91c6QQ7fENO~tplv-dy-360p.jpeg?lk3s=138a59ce&x-expires=1778482800&x-signature=POgYcrsyXo8yF4zm%2Brl7gAZiqq4%3D&from=327834062&s=PackSourceEnum_AWEME_DETAIL&se=false&sc=origin_cover&biz_tag=pcweb_cover&l=202604271504592E81426DEAA5E9B8B378""]",360,640,tos-cn-i-0813c001/okOfoAaDTE3k4wrFEAAdSAIwBB1pfqGAg7QfGx,"[""tos-cn-i-0813c001/okOfoAaDTE3k4wrFEAAdSAIwBB1pfqGAg7QfGx""]",-1,-1,-1,-1,,,-1,-1,False,,,,2026-04-27 15:04:51.188564
7626039783856311604,,https://p3-pc-sign.douyinpic.com/obj/c8510002be9a3a61aad2?lk3s=138a59ce&x-expires=1778482800&x-signature=Ixn7ArmIXzuJDuNFZdwa39VlbT0%3D&from=327834062,-1,-1,tos-cn-p-0015/o80hiTIriLUkAQVBIPABxhatUAI4vESt4Iuid,"[""https://p3-pc-sign.douyinpic.com/tos-cn-p-0015/o80hiTIriLUkAQVBIPABxhatUAI4vESt4Iuid~tplv-dy-360p.jpeg?lk3s=138a59ce&x-expires=1778482800&x-signature=MQkPiBRxX3vkTV2x04nnyuRrg%2FE%3D&from=327834062&s=PackSourceEnum_AWEME_DETAIL&se=false&sc=origin_cover&biz_tag=pcweb_cover&l=20260427150505D20780EB03E54E5840C5"", ""https://p9-pc-sign.douyinpic.com/tos-cn-p-0015/o80hiTIriLUkAQVBIPABxhatUAI4vESt4Iuid~tplv-dy-360p.jpeg?lk3s=138a59ce&x-expires=1778482800&x-signature=mqRFyEfzKRNlho4OM7%2FlIx6LC6E%3D&from=327834062&s=PackSourceEnum_AWEME_DETAIL&se=false&sc=origin_cover&biz_tag=pcweb_cover&l=20260427150505D20780EB03E54E5840C5""]",640,360,tos-cn-i-dy/492adb10cf594bf28347065ae76a38a4,"[""tos-cn-i-dy/492adb10cf594bf28347065ae76a38a4""]",-1,-1,-1,-1,,,-1,-1,False,,,,2026-04-27 15:04:57.781611
7626119147679665427,,https://p9-pc-sign.douyinpic.com/obj/c8510002be9a3a61aad2?lk3s=138a59ce&x-expires=1778482800&x-signature=2yXEHNqEKgteriTajlpNemiPSmI%3D&from=327834062,-1,-1,tos-cn-p-0015/o4d3AV2IvxQsZIai5xARdIAIwPiBciA2qaVAb,"[""https://p3-pc-sign.douyinpic.com/tos-cn-p-0015/o4d3AV2IvxQsZIai5xARdIAIwPiBciA2qaVAb~tplv-dy-360p.jpeg?lk3s=138a59ce&x-expires=1778482800&x-signature=uFApQJdU8IiVlhkyNXVeGqMSHzU%3D&from=327834062&s=PackSourceEnum_AWEME_DETAIL&se=false&sc=origin_cover&biz_tag=pcweb_cover&l=20260427150513B2AD3E56262D99B06F24"", ""https://p9-pc-sign.douyinpic.com/tos-cn-p-0015/o4d3AV2IvxQsZIai5xARdIAIwPiBciA2qaVAb~tplv-dy-360p.jpeg?lk3s=138a59ce&x-expires=1778482800&x-signature=OmF9NYDBwvrP4cRziMYyvR1JqCM%3D&from=327834062&s=PackSourceEnum_AWEME_DETAIL&se=false&sc=origin_cover&biz_tag=pcweb_cover&l=20260427150513B2AD3E56262D99B06F24""]",640,360,tos-cn-i-dy/a52f6dc7df3e43f9b13cbcc061c4c9c8,"[""tos-cn-i-dy/a52f6dc7df3e43f9b13cbcc061c4c9c8""]",-1,-1,-1,-1,,,-1,-1,False,,,,2026-04-27 15:05:05.872896
7626232419351317796,,https://p9-pc-sign.douyinpic.com/obj/c8510002be9a3a61aad2?lk3s=138a59ce&x-expires=1778482800&x-signature=2yXEHNqEKgteriTajlpNemiPSmI%3D&from=327834062,-1,-1,tos-cn-p-0015/oErDX3ZvAdAiP30uOPWwBVHTBaIXIrIQgCoiT,"[""https://p3-pc-sign.douyinpic.com/tos-cn-p-0015/oErDX3ZvAdAiP30uOPWwBVHTBaIXIrIQgCoiT~tplv-dy-360p.jpeg?lk3s=138a59ce&x-expires=1778482800&x-signature=N4uzB7CrfM7HH8YDbec867ffsko%3D&from=327834062&s=PackSourceEnum_AWEME_DETAIL&se=false&sc=origin_cover&biz_tag=pcweb_cover&l=2026042715052002029C76F7730953550B"", ""https://p9-pc-sign.douyinpic.com/tos-cn-p-0015/oErDX3ZvAdAiP30uOPWwBVHTBaIXIrIQgCoiT~tplv-dy-360p.jpeg?lk3s=138a59ce&x-expires=1778482800&x-signature=dvTs1wqS5vhjLtBubDnBDeobaYk%3D&from=327834062&s=PackSourceEnum_AWEME_DETAIL&se=false&sc=origin_cover&biz_tag=pcweb_cover&l=2026042715052002029C76F7730953550B""]",640,360,tos-cn-i-dy/b597350d8cea47fdb75a189c42c1a222,"[""tos-cn-i-dy/b597350d8cea47fdb75a189c42c1a222""]",-1,-1,-1,-1,,,-1,-1,False,,,,2026-04-27 15:05:12.056840
7626285740250418473,,https://p3-pc-sign.douyinpic.com/obj/c8510002be9a3a61aad2?lk3s=138a59ce&x-expires=1778482800&x-signature=Ixn7ArmIXzuJDuNFZdwa39VlbT0%3D&from=327834062,-1,-1,tos-cn-p-0015/oIeT9T7eBxGriseIKBLErgDQBoEsgAC7AUGGcA,"[""https://p3-pc-sign.douyinpic.com/tos-cn-p-0015/oIeT9T7eBxGriseIKBLErgDQBoEsgAC7AUGGcA~tplv-dy-360p.jpeg?lk3s=138a59ce&x-expires=1778482800&x-signature=T%2FtVxOQDCRslT%2F8r%2FLInSv7sBcE%3D&from=327834062&s=PackSourceEnum_AWEME_DETAIL&se=false&sc=origin_cover&biz_tag=pcweb_cover&l=202604271505301464CE221D010D53D28E"", ""https://p9-pc-sign.douyinpic.com/tos-cn-p-0015/oIeT9T7eBxGriseIKBLErgDQBoEsgAC7AUGGcA~tplv-dy-360p.jpeg?lk3s=138a59ce&x-expires=1778482800&x-signature=xpEh%2BsIRcGT1BXiKaqSs6E7Soas%3D&from=327834062&s=PackSourceEnum_AWEME_DETAIL&se=false&sc=origin_cover&biz_tag=pcweb_cover&l=202604271505301464CE221D010D53D28E""]",640,360,tos-cn-i-dy/c31956ed6a244b48b1bac7bfee3d6daf,"[""tos-cn-i-dy/c31956ed6a244b48b1bac7bfee3d6daf""]",-1,-1,-1,-1,,,-1,-1,False,,,,2026-04-27 15:05:23.124440
7626294890775145403,,https://p3-pc-sign.douyinpic.com/obj/c8510002be9a3a61aad2?lk3s=138a59ce&x-expires=1778482800&x-signature=Ixn7ArmIXzuJDuNFZdwa39VlbT0%3D&from=327834062,-1,-1,tos-cn-p-0015c000-ce/ogp6FTpeeADWJLG9BZ9sJ9gg0L7eBrn6cQIgJo,"[""https://p3-pc-sign.douyinpic.com/tos-cn-p-0015c000-ce/ogp6FTpeeADWJLG9BZ9sJ9gg0L7eBrn6cQIgJo~tplv-dy-360p.jpeg?lk3s=138a59ce&x-expires=1778482800&x-signature=BoGwlpLV%2BprE4LadPpzyyRga0RM%3D&from=327834062&s=PackSourceEnum_AWEME_DETAIL&se=false&sc=origin_cover&biz_tag=pcweb_cover&l=20260427150539D368FF67F72B565F6FBD"", ""https://p9-pc-sign.douyinpic.com/tos-cn-p-0015c000-ce/ogp6FTpeeADWJLG9BZ9sJ9gg0L7eBrn6cQIgJo~tplv-dy-360p.jpeg?lk3s=138a59ce&x-expires=1778482800&x-signature=eQ7ctmTV6R3PCkgm0%2BtSh4tJvck%3D&from=327834062&s=PackSourceEnum_AWEME_DETAIL&se=false&sc=origin_cover&biz_tag=pcweb_cover&l=20260427150539D368FF67F72B565F6FBD""]",360,640,tos-cn-p-0015c000-ce/oYbIpJeI4grZT9oQ9gDJ7cAdsLgeL0BeG6GBFs,"[""tos-cn-p-0015c000-ce/oYbIpJeI4grZT9oQ9gDJ7cAdsLgeL0BeG6GBFs""]",-1,-1,-1,-1,,,-1,-1,False,,,,2026-04-27 15:05:32.681175
7626305366351007011,,https://p3-pc-sign.douyinpic.com/obj/c8510002be9a3a61aad2?lk3s=138a59ce&x-expires=1778482800&x-signature=Ixn7ArmIXzuJDuNFZdwa39VlbT0%3D&from=327834062,-1,-1,tos-cn-p-0015/oQRWeHgIEvDA1C6FhbBwzpFI9QrA9ABrIOHMfn,"[""https://p3-pc-sign.douyinpic.com/tos-cn-p-0015/oQRWeHgIEvDA1C6FhbBwzpFI9QrA9ABrIOHMfn~tplv-dy-360p.jpeg?lk3s=138a59ce&x-expires=1778482800&x-signature=Nh%2BCh5h%2FsZFNScuwrIre2urmZlA%3D&from=327834062&s=PackSourceEnum_AWEME_DETAIL&se=false&sc=origin_cover&biz_tag=pcweb_cover&l=202604271505458C74219D26860655481E"", ""https://p9-pc-sign.douyinpic.com/tos-cn-p-0015/oQRWeHgIEvDA1C6FhbBwzpFI9QrA9ABrIOHMfn~tplv-dy-360p.jpeg?lk3s=138a59ce&x-expires=1778482800&x-signature=qYr94Zuj6V8GdzTAqv1Prw6lHBY%3D&from=327834062&s=PackSourceEnum_AWEME_DETAIL&se=false&sc=origin_cover&biz_tag=pcweb_cover&l=202604271505458C74219D26860655481E""]",640,360,tos-cn-i-dy/5a259c26689a4692a0f3cbf21e1490db,"[""tos-cn-i-dy/5a259c26689a4692a0f3cbf21e1490db""]",-1,-1,-1,-1,,,-1,-1,False,,,,2026-04-27 15:05:37.339711
7626584955816021274,,https://p3-pc-sign.douyinpic.com/obj/c8510002be9a3a61aad2?lk3s=138a59ce&x-expires=1778482800&x-signature=Ixn7ArmIXzuJDuNFZdwa39VlbT0%3D&from=327834062,-1,-1,tos-cn-p-0015/oIXAEEhDg5dBa7xFfFp9ABAfIIrg86IY19CnoC,"[""https://p9-pc-sign.douyinpic.com/tos-cn-p-0015/oIXAEEhDg5dBa7xFfFp9ABAfIIrg86IY19CnoC~tplv-dy-360p.jpeg?lk3s=138a59ce&x-expires=1778482800&x-signature=KDpOvJpB0uOb5YlQxDUBaQh2doI%3D&from=327834062&s=PackSourceEnum_FEED&se=false&sc=origin_cover&biz_tag=pcweb_cover&l=202604271506129DCC9A7104711BC44A63"", ""https://p3-pc-sign.douyinpic.com/tos-cn-p-0015/oIXAEEhDg5dBa7xFfFp9ABAfIIrg86IY19CnoC~tplv-dy-360p.jpeg?lk3s=138a59ce&x-expires=1778482800&x-signature=bLA90vJe4npAl6c3EP5PtXxrZVQ%3D&from=327834062&s=PackSourceEnum_FEED&se=false&sc=origin_cover&biz_tag=pcweb_cover&l=202604271506129DCC9A7104711BC44A63""]",640,360,,[],-1,-1,-1,-1,,,-1,-1,False,,,,2026-04-27 15:06:07.436596
7626684177663986971,,https://p3-pc-sign.douyinpic.com/obj/c8510002be9a3a61aad2?lk3s=138a59ce&x-expires=1778482800&x-signature=Ixn7ArmIXzuJDuNFZdwa39VlbT0%3D&from=327834062,-1,-1,tos-cn-p-0015/osAQPXaBi2dbH7A8UkrBdZwIpWqPXdihQIIOd,"[""https://p3-pc-sign.douyinpic.com/tos-cn-p-0015/osAQPXaBi2dbH7A8UkrBdZwIpWqPXdihQIIOd~tplv-dy-360p.jpeg?lk3s=138a59ce&x-expires=1778482800&x-signature=wAQ9gGyhChzHxnHBxDyI8JXAIYM%3D&from=327834062&s=PackSourceEnum_AWEME_DETAIL&se=false&sc=origin_cover&biz_tag=pcweb_cover&l=202604271506194DCE8FF28F0C2B8CF466"", ""https://p9-pc-sign.douyinpic.com/tos-cn-p-0015/osAQPXaBi2dbH7A8UkrBdZwIpWqPXdihQIIOd~tplv-dy-360p.jpeg?lk3s=138a59ce&x-expires=1778482800&x-signature=hvtzdOVL9mIlXs84wmimpFDHa8g%3D&from=327834062&s=PackSourceEnum_AWEME_DETAIL&se=false&sc=origin_cover&biz_tag=pcweb_cover&l=202604271506194DCE8FF28F0C2B8CF466""]",640,360,tos-cn-i-dy/59d5b48c9cf54d2c9a0b4f8e0263de36,"[""tos-cn-i-dy/59d5b48c9cf54d2c9a0b4f8e0263de36""]",-1,-1,-1,-1,,,-1,-1,False,,,,2026-04-27 15:06:14.274431
7626700596619348401,,https://p3-pc-sign.douyinpic.com/obj/c8510002be9a3a61aad2?lk3s=138a59ce&x-expires=1778482800&x-signature=Ixn7ArmIXzuJDuNFZdwa39VlbT0%3D&from=327834062,-1,-1,tos-cn-p-0015c000-ce/oUuYw1DDaQpvFG2qpnfB9voO7iHe93AmAEEADQ,"[""https://p3-pc-sign.douyinpic.com/tos-cn-p-0015c000-ce/oUuYw1DDaQpvFG2qpnfB9voO7iHe93AmAEEADQ~tplv-dy-360p.jpeg?lk3s=138a59ce&x-expires=1778482800&x-signature=iGjRg3WZtiyfrUiG3QJ5gg502iY%3D&from=327834062&s=PackSourceEnum_AWEME_DETAIL&se=false&sc=origin_cover&biz_tag=pcweb_cover&l=2026042715062689E6790739480B70E014"", ""https://p9-pc-sign.douyinpic.com/tos-cn-p-0015c000-ce/oUuYw1DDaQpvFG2qpnfB9voO7iHe93AmAEEADQ~tplv-dy-360p.jpeg?lk3s=138a59ce&x-expires=1778482800&x-signature=ajOaCZR7ItNGXvXIj5UVu1%2FiHFc%3D&from=327834062&s=PackSourceEnum_AWEME_DETAIL&se=false&sc=origin_cover&biz_tag=pcweb_cover&l=2026042715062689E6790739480B70E014""]",640,360,tos-cn-p-0015c000-ce/oM6me30vDQW8AuiqA2FHnU9oHBf2pJEQEEwYA1,"[""tos-cn-p-0015c000-ce/oM6me30vDQW8AuiqA2FHnU9oHBf2pJEQEEwYA1""]",-1,-1,-1,-1,,,-1,-1,False,,,,2026-04-27 15:06:18.899887
7627061029150805302,,https://p3-pc-sign.douyinpic.com/obj/c8510002be9a3a61aad2?lk3s=138a59ce&x-expires=1778482800&x-signature=Ixn7ArmIXzuJDuNFZdwa39VlbT0%3D&from=327834062,-1,-1,tos-cn-p-0015/o0ABTbXsxBMeBFKAGBZA8HQBTGAW7fABa4eYHC,"[""https://p3-pc-sign.douyinpic.com/tos-cn-p-0015/o0ABTbXsxBMeBFKAGBZA8HQBTGAW7fABa4eYHC~tplv-dy-360p.jpeg?lk3s=138a59ce&x-expires=1778482800&x-signature=yBZQHTJRY5UJedpsW61lxSGg4q8%3D&from=327834062&s=PackSourceEnum_AWEME_DETAIL&se=false&sc=origin_cover&biz_tag=pcweb_cover&l=20260427150634DA512CB50FB50F7A81B3"", ""https://p9-pc-sign.douyinpic.com/tos-cn-p-0015/o0ABTbXsxBMeBFKAGBZA8HQBTGAW7fABa4eYHC~tplv-dy-360p.jpeg?lk3s=138a59ce&x-expires=1778482800&x-signature=mMKXZg7AxaDaFAX5ApYG0cicH34%3D&from=327834062&s=PackSourceEnum_AWEME_DETAIL&se=false&sc=origin_cover&biz_tag=pcweb_cover&l=20260427150634DA512CB50FB50F7A81B3""]",639,360,tos-cn-i-dy/4d0f0f7f93204187aa8b96c91bb59595,"[""tos-cn-i-dy/4d0f0f7f93204187aa8b96c91bb59595""]",-1,-1,-1,-1,,,-1,-1,False,,,,2026-04-27 15:06:25.822427
7627071685094657299,,https://p3-pc-sign.douyinpic.com/obj/c8510002be9a3a61aad2?lk3s=138a59ce&x-expires=1778482800&x-signature=Ixn7ArmIXzuJDuNFZdwa39VlbT0%3D&from=327834062,-1,-1,tos-cn-p-0015/ogrQCQzAgAvxAv5B9FfJMpDByr2GEEAoVfEMBY,"[""https://p3-pc-sign.douyinpic.com/tos-cn-p-0015/ogrQCQzAgAvxAv5B9FfJMpDByr2GEEAoVfEMBY~tplv-dy-360p.jpeg?lk3s=138a59ce&x-expires=1778482800&x-signature=hlDJ%2BJqfeySZvpyPAXrfkjP8Nq8%3D&from=327834062&s=PackSourceEnum_AWEME_DETAIL&se=false&sc=origin_cover&biz_tag=pcweb_cover&l=2026042715064090B3201FCC681DC9F1AE"", ""https://p9-pc-sign.douyinpic.com/tos-cn-p-0015/ogrQCQzAgAvxAv5B9FfJMpDByr2GEEAoVfEMBY~tplv-dy-360p.jpeg?lk3s=138a59ce&x-expires=1778482800&x-signature=PvYx15f1kSNcmq7zoFuPNbNAKlc%3D&from=327834062&s=PackSourceEnum_AWEME_DETAIL&se=false&sc=origin_cover&biz_tag=pcweb_cover&l=2026042715064090B3201FCC681DC9F1AE""]",640,360,tos-cn-i-dy/09b2d3c0444c4a4694a187289d719e6b,"[""tos-cn-i-dy/09b2d3c0444c4a4694a187289d719e6b""]",-1,-1,-1,-1,,,-1,-1,False,,,,2026-04-27 15:06:32.656854
7627097855253089579,,https://p3-pc-sign.douyinpic.com/obj/c8510002be9a3a61aad2?lk3s=138a59ce&x-expires=1778482800&x-signature=Ixn7ArmIXzuJDuNFZdwa39VlbT0%3D&from=327834062,-1,-1,tos-cn-p-0015/oozsEI3IMe4UcC5eAQ8SAgA9WXqfdTBBK147lY,"[""https://p3-pc-sign.douyinpic.com/tos-cn-p-0015/oozsEI3IMe4UcC5eAQ8SAgA9WXqfdTBBK147lY~tplv-dy-360p.jpeg?lk3s=138a59ce&x-expires=1778482800&x-signature=xkMAkGl0MH2xfLmuqh4SwpHAgxc%3D&from=327834062&s=PackSourceEnum_AWEME_DETAIL&se=false&sc=origin_cover&biz_tag=pcweb_cover&l=202604271506498702AE57436168C65F4E"", ""https://p9-pc-sign.douyinpic.com/tos-cn-p-0015/oozsEI3IMe4UcC5eAQ8SAgA9WXqfdTBBK147lY~tplv-dy-360p.jpeg?lk3s=138a59ce&x-expires=1778482800&x-signature=tIIBqabg%2FFISceFrct12tLVmYCE%3D&from=327834062&s=PackSourceEnum_AWEME_DETAIL&se=false&sc=origin_cover&biz_tag=pcweb_cover&l=202604271506498702AE57436168C65F4E""]",640,360,tos-cn-i-dy/1d67edcd90af4f0d8b669f7048a03614,"[""tos-cn-i-dy/1d67edcd90af4f0d8b669f7048a03614""]",-1,-1,-1,-1,,,-1,-1,False,,,,2026-04-27 15:06:42.052120
7627138316899056603,,https://p3-pc-sign.douyinpic.com/obj/c8510002be9a3a61aad2?lk3s=138a59ce&x-expires=1778482800&x-signature=Ixn7ArmIXzuJDuNFZdwa39VlbT0%3D&from=327834062,-1,-1,tos-cn-p-0015/oUA9QyIgDWAFwEQCLA9He2fBCaDHABBItBgpMZ,"[""https://p3-pc-sign.douyinpic.com/tos-cn-p-0015/oUA9QyIgDWAFwEQCLA9He2fBCaDHABBItBgpMZ~tplv-dy-360p.jpeg?lk3s=138a59ce&x-expires=1778482800&x-signature=QYHAKoDTAy6LUoIIWmDqgHmbs20%3D&from=327834062&s=PackSourceEnum_AWEME_DETAIL&se=false&sc=origin_cover&biz_tag=pcweb_cover&l=20260427150659D2EE8DB73AF8C6BCA0C9"", ""https://p9-pc-sign.douyinpic.com/tos-cn-p-0015/oUA9QyIgDWAFwEQCLA9He2fBCaDHABBItBgpMZ~tplv-dy-360p.jpeg?lk3s=138a59ce&x-expires=1778482800&x-signature=pkYi2pDTGgfaNqDm%2FLSIRQQI5vY%3D&from=327834062&s=PackSourceEnum_AWEME_DETAIL&se=false&sc=origin_cover&biz_tag=pcweb_cover&l=20260427150659D2EE8DB73AF8C6BCA0C9""]",360,640,tos-cn-i-0813c001/ogS7rsIG8A6GOyGeB9PHE7AIGeAcLBAeSEAThQ,"[""tos-cn-i-0813c001/ogS7rsIG8A6GOyGeB9PHE7AIGeAcLBAeSEAThQ""]",-1,-1,-1,-1,,,-1,-1,False,,,,2026-04-27 15:06:52.655516
7627193816662936883,,https://p3-pc-sign.douyinpic.com/obj/c8510002be9a3a61aad2?lk3s=138a59ce&x-expires=1778482800&x-signature=Ixn7ArmIXzuJDuNFZdwa39VlbT0%3D&from=327834062,-1,-1,tos-cn-p-0015/oc0QiNv7g00eAIZH0CIb9cixAPAZNJfPBSBDB9,"[""https://p3-pc-sign.douyinpic.com/tos-cn-p-0015/oc0QiNv7g00eAIZH0CIb9cixAPAZNJfPBSBDB9~tplv-dy-360p.jpeg?lk3s=138a59ce&x-expires=1778482800&x-signature=TYFq%2BPaaB%2F3AX%2Fk6JxSeOVNugoo%3D&from=327834062&s=PackSourceEnum_AWEME_DETAIL&se=false&sc=origin_cover&biz_tag=pcweb_cover&l=20260427150710E2E355BBBD28625F6DA9"", ""https://p9-pc-sign.douyinpic.com/tos-cn-p-0015/oc0QiNv7g00eAIZH0CIb9cixAPAZNJfPBSBDB9~tplv-dy-360p.jpeg?lk3s=138a59ce&x-expires=1778482800&x-signature=CP6TTGVsLd625JKxQKU%2BSRGTVC0%3D&from=327834062&s=PackSourceEnum_AWEME_DETAIL&se=false&sc=origin_cover&biz_tag=pcweb_cover&l=20260427150710E2E355BBBD28625F6DA9""]",640,360,tos-cn-i-dy/092605dd0b51466b956fe7f2dc328e99,"[""tos-cn-i-dy/092605dd0b51466b956fe7f2dc328e99""]",-1,-1,-1,-1,,,-1,-1,False,,,,2026-04-27 15:07:02.753111
7627326318220201258,,https://p3-pc-sign.douyinpic.com/obj/c8510002be9a3a61aad2?lk3s=138a59ce&x-expires=1778482800&x-signature=Ixn7ArmIXzuJDuNFZdwa39VlbT0%3D&from=327834062,-1,-1,tos-cn-p-0015/o8IQA8lv0ABi4msPadmFdBnZtTiIcOAI5LXVl,"[""https://p3-pc-sign.douyinpic.com/tos-cn-p-0015/o8IQA8lv0ABi4msPadmFdBnZtTiIcOAI5LXVl~tplv-dy-360p.jpeg?lk3s=138a59ce&x-expires=1778482800&x-signature=HkWMnsfVbzQdjs60%2BK%2FR2ElWT5Y%3D&from=327834062&s=PackSourceEnum_AWEME_DETAIL&se=false&sc=origin_cover&biz_tag=pcweb_cover&l=202604271507206DE2C1CF2AD9017E8A16"", ""https://p9-pc-sign.douyinpic.com/tos-cn-p-0015/o8IQA8lv0ABi4msPadmFdBnZtTiIcOAI5LXVl~tplv-dy-360p.jpeg?lk3s=138a59ce&x-expires=1778482800&x-signature=Vsm9kEg%2Fp8lHFa3MnW86LK3Igqo%3D&from=327834062&s=PackSourceEnum_AWEME_DETAIL&se=false&sc=origin_cover&biz_tag=pcweb_cover&l=202604271507206DE2C1CF2AD9017E8A16""]",640,360,tos-cn-i-dy/1f9b10dd108644c7b208428bcd0a20c3,"[""tos-cn-i-dy/1f9b10dd108644c7b208428bcd0a20c3""]",-1,-1,-1,-1,,,-1,-1,False,,,,2026-04-27 15:07:13.373333
7627338394946784563,,https://p3-pc-sign.douyinpic.com/obj/c8510002be9a3a61aad2?lk3s=138a59ce&x-expires=1778482800&x-signature=Ixn7ArmIXzuJDuNFZdwa39VlbT0%3D&from=327834062,-1,-1,tos-cn-p-0015/o0FZjfD3IEvHadRAbwpAZDFB2Im8Cg1fgAdFD9,"[""https://p3-pc-sign.douyinpic.com/tos-cn-p-0015/o0FZjfD3IEvHadRAbwpAZDFB2Im8Cg1fgAdFD9~tplv-dy-360p.jpeg?lk3s=138a59ce&x-expires=1778482800&x-signature=jX86srriNduCGfNLq6vfy%2BwB4YQ%3D&from=327834062&s=PackSourceEnum_AWEME_DETAIL&se=false&sc=origin_cover&biz_tag=pcweb_cover&l=20260427150729B943F9B0EC7A3D7B26F9"", ""https://p9-pc-sign.douyinpic.com/tos-cn-p-0015/o0FZjfD3IEvHadRAbwpAZDFB2Im8Cg1fgAdFD9~tplv-dy-360p.jpeg?lk3s=138a59ce&x-expires=1778482800&x-signature=o9xmG90NH%2Fz0vI9hdJE%2B28QtV9Y%3D&from=327834062&s=PackSourceEnum_AWEME_DETAIL&se=false&sc=origin_cover&biz_tag=pcweb_cover&l=20260427150729B943F9B0EC7A3D7B26F9""]",640,360,tos-cn-i-dy/1e5b2344d8b24785a4d5d96db74df92a,"[""tos-cn-i-dy/1e5b2344d8b24785a4d5d96db74df92a""]",-1,-1,-1,-1,,,-1,-1,False,,,,2026-04-27 15:07:22.385289
7627416174665452806,,https://p3-pc-sign.douyinpic.com/obj/c8510002be9a3a61aad2?lk3s=138a59ce&x-expires=1778482800&x-signature=Ixn7ArmIXzuJDuNFZdwa39VlbT0%3D&from=327834062,-1,-1,tos-cn-p-0015/oEA18IARTBAYB6H6AGCXXt6tLAwIaIe7qBeaae,"[""https://p3-pc-sign.douyinpic.com/tos-cn-p-0015/oEA18IARTBAYB6H6AGCXXt6tLAwIaIe7qBeaae~tplv-dy-360p.jpeg?lk3s=138a59ce&x-expires=1778482800&x-signature=RCX7TPecV2xO0DwakCr4Zmg2GGs%3D&from=327834062&s=PackSourceEnum_AWEME_DETAIL&se=false&sc=origin_cover&biz_tag=pcweb_cover&l=2026042715075122D0EA5A0A569A7625A3"", ""https://p9-pc-sign.douyinpic.com/tos-cn-p-0015/oEA18IARTBAYB6H6AGCXXt6tLAwIaIe7qBeaae~tplv-dy-360p.jpeg?lk3s=138a59ce&x-expires=1778482800&x-signature=0mqHlrbCMyls2ZrQFyi%2BvyRPFkg%3D&from=327834062&s=PackSourceEnum_AWEME_DETAIL&se=false&sc=origin_cover&biz_tag=pcweb_cover&l=2026042715075122D0EA5A0A569A7625A3""]",640,360,tos-cn-i-dy/1151c74095d0449390a72a651232c620,"[""tos-cn-i-dy/1151c74095d0449390a72a651232c620""]",-1,-1,-1,-1,,,-1,-1,False,,,,2026-04-27 15:07:42.802850
7627417139495256057,,https://p3-pc-sign.douyinpic.com/obj/c8510002be9a3a61aad2?lk3s=138a59ce&x-expires=1778482800&x-signature=Ixn7ArmIXzuJDuNFZdwa39VlbT0%3D&from=327834062,-1,-1,tos-cn-p-0015c000-ce/oUf9IAY7rrXivACafHB0IAFBwBF3EpAg2mDnBE,"[""https://p9-pc-sign.douyinpic.com/tos-cn-p-0015c000-ce/oUf9IAY7rrXivACafHB0IAFBwBF3EpAg2mDnBE~tplv-dy-360p.jpeg?lk3s=138a59ce&x-expires=1778482800&x-signature=KWs7izGMI6hV4OZBeZ9IfeNqFqo%3D&from=327834062&s=PackSourceEnum_AWEME_DETAIL&se=false&sc=origin_cover&biz_tag=pcweb_cover&l=20260427150758B1C8120F573FD0795620"", ""https://p3-pc-sign.douyinpic.com/tos-cn-p-0015c000-ce/oUf9IAY7rrXivACafHB0IAFBwBF3EpAg2mDnBE~tplv-dy-360p.jpeg?lk3s=138a59ce&x-expires=1778482800&x-signature=%2FWkGn%2BAwRHYAK9G3jpUyNB1fJQE%3D&from=327834062&s=PackSourceEnum_AWEME_DETAIL&se=false&sc=origin_cover&biz_tag=pcweb_cover&l=20260427150758B1C8120F573FD0795620""]",480,360,tos-cn-i-0813c000-ce/okAeAL7bA307kGneI0BJzfAwDjIBtTiOgAFaED,"[""tos-cn-i-0813c000-ce/okAeAL7bA307kGneI0BJzfAwDjIBtTiOgAFaED""]",-1,-1,-1,-1,,,-1,-1,False,,,,2026-04-27 15:07:50.364153
7627431605422901425,,https://p3-pc-sign.douyinpic.com/obj/c8510002be9a3a61aad2?lk3s=138a59ce&x-expires=1778482800&x-signature=Ixn7ArmIXzuJDuNFZdwa39VlbT0%3D&from=327834062,-1,-1,tos-cn-p-0015c000-ce/os5hKqwPLEVVrocpAOBNIFIafPAPNCEePDf92F,"[""https://p9-pc-sign.douyinpic.com/tos-cn-p-0015c000-ce/os5hKqwPLEVVrocpAOBNIFIafPAPNCEePDf92F~tplv-dy-360p.jpeg?lk3s=138a59ce&x-expires=1778482800&x-signature=qGR5%2FB9WSIIBxmntNJiOiFPt%2B5c%3D&from=327834062&s=PackSourceEnum_AWEME_DETAIL&se=false&sc=origin_cover&biz_tag=pcweb_cover&l=202604271508076EE17D8A6868A27BEAC1"", ""https://p3-pc-sign.douyinpic.com/tos-cn-p-0015c000-ce/os5hKqwPLEVVrocpAOBNIFIafPAPNCEePDf92F~tplv-dy-360p.jpeg?lk3s=138a59ce&x-expires=1778482800&x-signature=f7OQ2QaLy8c9sLpKAd5bCAUF8xk%3D&from=327834062&s=PackSourceEnum_AWEME_DETAIL&se=false&sc=origin_cover&biz_tag=pcweb_cover&l=202604271508076EE17D8A6868A27BEAC1""]",640,360,tos-cn-i-0813c000-ce/okxp2ADfEEEEAD05fAAwIHAFphah9HLSKIn9eF,"[""tos-cn-i-0813c000-ce/okxp2ADfEEEEAD05fAAwIHAFphah9HLSKIn9eF""]",-1,-1,-1,-1,,,-1,-1,False,,,,2026-04-27 15:07:57.016408
7627441271367290164,,https://p3-pc-sign.douyinpic.com/obj/c8510002be9a3a61aad2?lk3s=138a59ce&x-expires=1778482800&x-signature=Ixn7ArmIXzuJDuNFZdwa39VlbT0%3D&from=327834062,-1,-1,tos-cn-p-0015/o8ooAQjhIiwaPn38KNTiYArIPAaHIG2BvZ8d4,"[""https://p3-pc-sign.douyinpic.com/tos-cn-p-0015/o8ooAQjhIiwaPn38KNTiYArIPAaHIG2BvZ8d4~tplv-dy-360p.jpeg?lk3s=138a59ce&x-expires=1778482800&x-signature=KjkU6v%2BcSQHZpI72JfQtMwo6X3A%3D&from=327834062&s=PackSourceEnum_AWEME_DETAIL&se=false&sc=origin_cover&biz_tag=pcweb_cover&l=202604271508149997E7CD749B65C0EDDF"", ""https://p9-pc-sign.douyinpic.com/tos-cn-p-0015/o8ooAQjhIiwaPn38KNTiYArIPAaHIG2BvZ8d4~tplv-dy-360p.jpeg?lk3s=138a59ce&x-expires=1778482800&x-signature=ZvWYAcS4XEQo2ZQ3XTheum1EWUY%3D&from=327834062&s=PackSourceEnum_AWEME_DETAIL&se=false&sc=origin_cover&biz_tag=pcweb_cover&l=202604271508149997E7CD749B65C0EDDF""]",640,360,tos-cn-i-dy/4cfbf5263bcb45359430e1da8a02aceb,"[""tos-cn-i-dy/4cfbf5263bcb45359430e1da8a02aceb""]",-1,-1,-1,-1,,,-1,-1,False,,,,2026-04-27 15:08:06.412546
7627472380595910747,,https://p3-pc-sign.douyinpic.com/obj/c8510002be9a3a61aad2?lk3s=138a59ce&x-expires=1778482800&x-signature=Ixn7ArmIXzuJDuNFZdwa39VlbT0%3D&from=327834062,-1,-1,tos-cn-p-0015/oojZICiBrXfAW5DCOpjaA3YId1iYn9A2NeBKig,"[""https://p3-pc-sign.douyinpic.com/tos-cn-p-0015/oojZICiBrXfAW5DCOpjaA3YId1iYn9A2NeBKig~tplv-dy-360p.jpeg?lk3s=138a59ce&x-expires=1778482800&x-signature=I%2FKS%2BenxU8JW0atcJWSVztx9Qa4%3D&from=327834062&s=PackSourceEnum_AWEME_DETAIL&se=false&sc=origin_cover&biz_tag=pcweb_cover&l=2026042715082496A4E6047432F272E09E"", ""https://p9-pc-sign.douyinpic.com/tos-cn-p-0015/oojZICiBrXfAW5DCOpjaA3YId1iYn9A2NeBKig~tplv-dy-360p.jpeg?lk3s=138a59ce&x-expires=1778482800&x-signature=FgfKKkhywbK1%2B%2BYeuOg8iegH19Q%3D&from=327834062&s=PackSourceEnum_AWEME_DETAIL&se=false&sc=origin_cover&biz_tag=pcweb_cover&l=2026042715082496A4E6047432F272E09E""]",640,360,tos-cn-i-0813c001/o0GIAAfCEFAJs2AgQ94DCtF5j5cAhjp0oAufCN,"[""tos-cn-i-0813c001/o0GIAAfCEFAJs2AgQ94DCtF5j5cAhjp0oAufCN""]",-1,-1,-1,-1,,,-1,-1,False,,,,2026-04-27 15:08:13.955195
7627472699962576166,,https://p3-pc-sign.douyinpic.com/obj/c8510002be9a3a61aad2?lk3s=138a59ce&x-expires=1778482800&x-signature=Ixn7ArmIXzuJDuNFZdwa39VlbT0%3D&from=327834062,-1,-1,tos-cn-p-0015/oojpBaA6EWgF2fOAAgjQ2ky49ma4DAB1AfpQ2D,"[""https://p3-pc-sign.douyinpic.com/tos-cn-p-0015/oojpBaA6EWgF2fOAAgjQ2ky49ma4DAB1AfpQ2D~tplv-dy-360p.jpeg?lk3s=138a59ce&x-expires=1778482800&x-signature=J4nZFY4bXLHvd%2FI0BqodC8eExNw%3D&from=327834062&s=PackSourceEnum_AWEME_DETAIL&se=false&sc=origin_cover&biz_tag=pcweb_cover&l=2026042715083309D66CF6E9732652AA4C"", ""https://p9-pc-sign.douyinpic.com/tos-cn-p-0015/oojpBaA6EWgF2fOAAgjQ2ky49ma4DAB1AfpQ2D~tplv-dy-360p.jpeg?lk3s=138a59ce&x-expires=1778482800&x-signature=5GYaPe%2FNUQI11OfwdguefKGQ9i8%3D&from=327834062&s=PackSourceEnum_AWEME_DETAIL&se=false&sc=origin_cover&biz_tag=pcweb_cover&l=2026042715083309D66CF6E9732652AA4C""]",640,360,tos-cn-i-dy/079d540e127c47679059cd0acc32f255,"[""tos-cn-i-dy/079d540e127c47679059cd0acc32f255""]",-1,-1,-1,-1,,,-1,-1,False,,,,2026-04-27 15:08:26.859788
7627626727761513778,,https://p3-pc-sign.douyinpic.com/obj/c8510002be9a3a61aad2?lk3s=138a59ce&x-expires=1778482800&x-signature=Ixn7ArmIXzuJDuNFZdwa39VlbT0%3D&from=327834062,-1,-1,tos-cn-p-0015/ogI6rzjiPoFUPawrdQBPIbBZAxKRIAMDLEida,"[""https://p3-pc-sign.douyinpic.com/tos-cn-p-0015/ogI6rzjiPoFUPawrdQBPIbBZAxKRIAMDLEida~tplv-dy-360p.jpeg?lk3s=138a59ce&x-expires=1778482800&x-signature=q0clNV6Zxj5im3jX3FlTdnwwTx0%3D&from=327834062&s=PackSourceEnum_AWEME_DETAIL&se=false&sc=origin_cover&biz_tag=pcweb_cover&l=2026042715083686C7B721BCF8F678ED16"", ""https://p9-pc-sign.douyinpic.com/tos-cn-p-0015/ogI6rzjiPoFUPawrdQBPIbBZAxKRIAMDLEida~tplv-dy-360p.jpeg?lk3s=138a59ce&x-expires=1778482800&x-signature=38GuzrSYJ12tMcoVk1ZQusZADhE%3D&from=327834062&s=PackSourceEnum_AWEME_DETAIL&se=false&sc=origin_cover&biz_tag=pcweb_cover&l=2026042715083686C7B721BCF8F678ED16""]",640,360,tos-cn-i-dy/60e05d30a48f4508861e4df3e85325e8,"[""tos-cn-i-dy/60e05d30a48f4508861e4df3e85325e8""]",-1,-1,-1,-1,,,-1,-1,False,,,,2026-04-27 15:08:31.503859
7627693001658504421,,https://p3-pc-sign.douyinpic.com/obj/c8510002be9a3a61aad2?lk3s=138a59ce&x-expires=1778482800&x-signature=Ixn7ArmIXzuJDuNFZdwa39VlbT0%3D&from=327834062,-1,-1,tos-cn-p-0015c000-ce/o0IsbvBPMsHIPxYNaB1ijiLmpJBaZdAGARBPA,"[""https://p3-pc-sign.douyinpic.com/tos-cn-p-0015c000-ce/o0IsbvBPMsHIPxYNaB1ijiLmpJBaZdAGARBPA~tplv-dy-360p.jpeg?lk3s=138a59ce&x-expires=1778482800&x-signature=BSFfsq3kjx8eqSfnOaYJf6vBKSk%3D&from=327834062&s=PackSourceEnum_AWEME_DETAIL&se=false&sc=origin_cover&biz_tag=pcweb_cover&l=2026042715084160939A377166627E8CDC"", ""https://p9-pc-sign.douyinpic.com/tos-cn-p-0015c000-ce/o0IsbvBPMsHIPxYNaB1ijiLmpJBaZdAGARBPA~tplv-dy-360p.jpeg?lk3s=138a59ce&x-expires=1778482800&x-signature=urM%2F2CPEKXudHWQgFpxTzp7WwAk%3D&from=327834062&s=PackSourceEnum_AWEME_DETAIL&se=false&sc=origin_cover&biz_tag=pcweb_cover&l=2026042715084160939A377166627E8CDC""]",640,360,tos-cn-i-0813c000-ce/oYg8QXMf7BJdEgA7esQQoSFACApgXhALtT8UeN,"[""tos-cn-i-0813c000-ce/oYg8QXMf7BJdEgA7esQQoSFACApgXhALtT8UeN""]",-1,-1,-1,-1,,,-1,-1,False,,,,2026-04-27 15:08:36.990633
7627771722061696308,,https://p3-pc-sign.douyinpic.com/obj/c8510002be9a3a61aad2?lk3s=138a59ce&x-expires=1778482800&x-signature=Ixn7ArmIXzuJDuNFZdwa39VlbT0%3D&from=327834062,-1,-1,tos-cn-p-0015/oUx0AfbMDAnpFEfApbES0FIg2BCIzXPgkZ9GcA,"[""https://p3-pc-sign.douyinpic.com/tos-cn-p-0015/oUx0AfbMDAnpFEfApbES0FIg2BCIzXPgkZ9GcA~tplv-dy-360p.jpeg?lk3s=138a59ce&x-expires=1778482800&x-signature=kCTAzBMRniQwrA4TIHm9%2FE14d5I%3D&from=327834062&s=PackSourceEnum_AWEME_DETAIL&se=false&sc=origin_cover&biz_tag=pcweb_cover&l=2026042715084458E8D48998C703C50CAD"", ""https://p9-pc-sign.douyinpic.com/tos-cn-p-0015/oUx0AfbMDAnpFEfApbES0FIg2BCIzXPgkZ9GcA~tplv-dy-360p.jpeg?lk3s=138a59ce&x-expires=1778482800&x-signature=T1JhhcI2GbdfXXeG%2BtrljzXRs5k%3D&from=327834062&s=PackSourceEnum_AWEME_DETAIL&se=false&sc=origin_cover&biz_tag=pcweb_cover&l=2026042715084458E8D48998C703C50CAD""]",640,360,tos-cn-i-dy/3b0c35a5230f4ad5a09763a7ecafcb03,"[""tos-cn-i-dy/3b0c35a5230f4ad5a09763a7ecafcb03""]",-1,-1,-1,-1,,,-1,-1,False,,,,2026-04-27 15:08:39.101759
7627790321199705009,,https://p3-pc-sign.douyinpic.com/obj/c8510002be9a3a61aad2?lk3s=138a59ce&x-expires=1778482800&x-signature=Ixn7ArmIXzuJDuNFZdwa39VlbT0%3D&from=327834062,-1,-1,tos-cn-p-0015c000-ce/oAX291qopQoEAVE3tB2FeGpEQsDDEdAauwfbc7,"[""https://p3-pc-sign.douyinpic.com/tos-cn-p-0015c000-ce/oAX291qopQoEAVE3tB2FeGpEQsDDEdAauwfbc7~tplv-dy-360p.jpeg?lk3s=138a59ce&x-expires=1778482800&x-signature=2PR1BmO6Q4KMKwBKRCkIKe%2B1Jug%3D&from=327834062&s=PackSourceEnum_AWEME_DETAIL&se=false&sc=origin_cover&biz_tag=pcweb_cover&l=20260427150847760B7D2DBCBBAD73B352"", ""https://p9-pc-sign.douyinpic.com/tos-cn-p-0015c000-ce/oAX291qopQoEAVE3tB2FeGpEQsDDEdAauwfbc7~tplv-dy-360p.jpeg?lk3s=138a59ce&x-expires=1778482800&x-signature=TjquTOGg0LJFJJrykZJ91T0L0HM%3D&from=327834062&s=PackSourceEnum_AWEME_DETAIL&se=false&sc=origin_cover&biz_tag=pcweb_cover&l=20260427150847760B7D2DBCBBAD73B352""]",640,360,tos-cn-i-0813c000-ce/oQHbeaIv0EoAAAE4WC7iqD1iIZBASHACwwfVur,"[""tos-cn-i-0813c000-ce/oQHbeaIv0EoAAAE4WC7iqD1iIZBASHACwwfVur""]",-1,-1,-1,-1,,,-1,-1,False,,,,2026-04-27 15:08:41.938636
7627792713907195190,,https://p3-pc-sign.douyinpic.com/obj/c8510002be9a3a61aad2?lk3s=138a59ce&x-expires=1778482800&x-signature=Ixn7ArmIXzuJDuNFZdwa39VlbT0%3D&from=327834062,-1,-1,tos-cn-p-0015/oYCcAX8tRLfKeBrCQTIGdReoQJoaAT4XBEbZW7,"[""https://p3-pc-sign.douyinpic.com/tos-cn-p-0015/oYCcAX8tRLfKeBrCQTIGdReoQJoaAT4XBEbZW7~tplv-dy-360p.jpeg?lk3s=138a59ce&x-expires=1778482800&x-signature=TTssi2NByAktbuqrFsxQteyl0WM%3D&from=327834062&s=PackSourceEnum_AWEME_DETAIL&se=false&sc=origin_cover&biz_tag=pcweb_cover&l=202604271508572F07797A92AD60B1B073"", ""https://p9-pc-sign.douyinpic.com/tos-cn-p-0015/oYCcAX8tRLfKeBrCQTIGdReoQJoaAT4XBEbZW7~tplv-dy-360p.jpeg?lk3s=138a59ce&x-expires=1778482800&x-signature=%2B6OIK4Ofhq3Hs%2Fpc%2Bz7ChvjfxZg%3D&from=327834062&s=PackSourceEnum_AWEME_DETAIL&se=false&sc=origin_cover&biz_tag=pcweb_cover&l=202604271508572F07797A92AD60B1B073""]",648,360,tos-cn-i-dy/74df314f15314c2c892e4110bbcfd62d,"[""tos-cn-i-dy/74df314f15314c2c892e4110bbcfd62d""]",-1,-1,-1,-1,,,-1,-1,False,,,,2026-04-27 15:08:49.841221
7627796121867341075,,https://p3-pc-sign.douyinpic.com/obj/c8510002be9a3a61aad2?lk3s=138a59ce&x-expires=1778482800&x-signature=Ixn7ArmIXzuJDuNFZdwa39VlbT0%3D&from=327834062,-1,-1,tos-cn-p-0015/osQbQCBe7YctAiDTjFP2fDuQqfiB3EtAEirDCY,"[""https://p3-pc-sign.douyinpic.com/tos-cn-p-0015/osQbQCBe7YctAiDTjFP2fDuQqfiB3EtAEirDCY~tplv-dy-360p.jpeg?lk3s=138a59ce&x-expires=1778482800&x-signature=4ou2%2B215ZteZeHavS4qbOwVnbgU%3D&from=327834062&s=PackSourceEnum_AWEME_DETAIL&se=false&sc=origin_cover&biz_tag=pcweb_cover&l=202604271509057CAFCDD463C065508796"", ""https://p9-pc-sign.douyinpic.com/tos-cn-p-0015/osQbQCBe7YctAiDTjFP2fDuQqfiB3EtAEirDCY~tplv-dy-360p.jpeg?lk3s=138a59ce&x-expires=1778482800&x-signature=qkg%2FsYoJ2zVzuHuMXDUTY2b4x2U%3D&from=327834062&s=PackSourceEnum_AWEME_DETAIL&se=false&sc=origin_cover&biz_tag=pcweb_cover&l=202604271509057CAFCDD463C065508796""]",640,360,tos-cn-i-dy/b54b931fda0447b29d8aaf14a9bd0915,"[""tos-cn-i-dy/b54b931fda0447b29d8aaf14a9bd0915""]",-1,-1,-1,-1,,,-1,-1,False,,,,2026-04-27 15:08:58.503082
7627822640091459546,,https://p3-pc-sign.douyinpic.com/obj/c8510002be9a3a61aad2?lk3s=138a59ce&x-expires=1778482800&x-signature=Ixn7ArmIXzuJDuNFZdwa39VlbT0%3D&from=327834062,-1,-1,tos-cn-p-0015/oM7tGe13BI6GQEenQCTALC82QS7uABeQ2B7VTn,"[""https://p3-pc-sign.douyinpic.com/tos-cn-p-0015/oM7tGe13BI6GQEenQCTALC82QS7uABeQ2B7VTn~tplv-dy-360p.jpeg?lk3s=138a59ce&x-expires=1778482800&x-signature=XLpdOR%2FMzhYPxXcb72%2FCDj%2BuX%2BY%3D&from=327834062&s=PackSourceEnum_AWEME_DETAIL&se=false&sc=origin_cover&biz_tag=pcweb_cover&l=20260427150921783C2B4410198682D197"", ""https://p9-pc-sign.douyinpic.com/tos-cn-p-0015/oM7tGe13BI6GQEenQCTALC82QS7uABeQ2B7VTn~tplv-dy-360p.jpeg?lk3s=138a59ce&x-expires=1778482800&x-signature=tbYWHYO5pPEsnB%2BfxFBsXy%2F7DLs%3D&from=327834062&s=PackSourceEnum_AWEME_DETAIL&se=false&sc=origin_cover&biz_tag=pcweb_cover&l=20260427150921783C2B4410198682D197""]",640,360,tos-cn-p-0015/ooCW7bGet2ue7FMT2QM8G93IEQ1LQBTeBQAAEn,"[""tos-cn-p-0015/ooCW7bGet2ue7FMT2QM8G93IEQ1LQBTeBQAAEn""]",-1,-1,-1,-1,,,-1,-1,False,,,,2026-04-27 15:09:14.033084
7627886327517711651,,https://p3-pc-sign.douyinpic.com/obj/c8510002be9a3a61aad2?lk3s=138a59ce&x-expires=1778482800&x-signature=Ixn7ArmIXzuJDuNFZdwa39VlbT0%3D&from=327834062,-1,-1,tos-cn-p-0015/okzvA5fBNIw6e30ACsON37bdbBnA3iiAiBHWIg,"[""https://p3-pc-sign.douyinpic.com/tos-cn-p-0015/okzvA5fBNIw6e30ACsON37bdbBnA3iiAiBHWIg~tplv-dy-360p.jpeg?lk3s=138a59ce&x-expires=1778482800&x-signature=gUGlSOcfhbdQUI4XEt%2B92hSBPtI%3D&from=327834062&s=PackSourceEnum_AWEME_DETAIL&se=false&sc=origin_cover&biz_tag=pcweb_cover&l=20260427150930DA4F9FB75D07E3C0AF63"", ""https://p9-pc-sign.douyinpic.com/tos-cn-p-0015/okzvA5fBNIw6e30ACsON37bdbBnA3iiAiBHWIg~tplv-dy-360p.jpeg?lk3s=138a59ce&x-expires=1778482800&x-signature=M7UcJjtXFAIjrCfpjfmrHZK8MMA%3D&from=327834062&s=PackSourceEnum_AWEME_DETAIL&se=false&sc=origin_cover&biz_tag=pcweb_cover&l=20260427150930DA4F9FB75D07E3C0AF63""]",640,360,tos-cn-i-dy/65529a4edf8b4348b0654fbd2aae6b63,"[""tos-cn-i-dy/65529a4edf8b4348b0654fbd2aae6b63""]",-1,-1,-1,-1,,,-1,-1,False,,,,2026-04-27 15:09:23.796308
7628060646696815926,,https://p3-pc-sign.douyinpic.com/obj/c8510002be9a3a61aad2?lk3s=138a59ce&x-expires=1778482800&x-signature=Ixn7ArmIXzuJDuNFZdwa39VlbT0%3D&from=327834062,-1,-1,tos-cn-p-0015/oEJCJYYfm4eTFBA0QeZA7o3DAERBapCvoduxQx,"[""https://p9-pc-sign.douyinpic.com/tos-cn-p-0015/oEJCJYYfm4eTFBA0QeZA7o3DAERBapCvoduxQx~tplv-dy-360p.jpeg?lk3s=138a59ce&x-expires=1778482800&x-signature=vxvkFAWPRJxr0VMhNGWLJ9fea3I%3D&from=327834062&s=PackSourceEnum_AWEME_DETAIL&se=false&sc=origin_cover&biz_tag=pcweb_cover&l=20260427150938671F289D630536AF71A5"", ""https://p3-pc-sign.douyinpic.com/tos-cn-p-0015/oEJCJYYfm4eTFBA0QeZA7o3DAERBapCvoduxQx~tplv-dy-360p.jpeg?lk3s=138a59ce&x-expires=1778482800&x-signature=nO%2BtCf5p9gRsFteK1N%2BLotTyczo%3D&from=327834062&s=PackSourceEnum_AWEME_DETAIL&se=false&sc=origin_cover&biz_tag=pcweb_cover&l=20260427150938671F289D630536AF71A5""]",640,360,tos-cn-i-dy/317c51a7e0944b39aec0e38f5d1d768b,"[""tos-cn-i-dy/317c51a7e0944b39aec0e38f5d1d768b""]",-1,-1,-1,-1,,,-1,-1,False,,,,2026-04-27 15:09:31.671785
7628110680549705189,,https://p3-pc-sign.douyinpic.com/obj/c8510002be9a3a61aad2?lk3s=138a59ce&x-expires=1778482800&x-signature=Ixn7ArmIXzuJDuNFZdwa39VlbT0%3D&from=327834062,-1,-1,tos-cn-p-0015c000-ce/oIzQkUQ2EDf3kon4jgFOw2QE9AiKCk4fAmBpYH,"[""https://p3-pc-sign.douyinpic.com/tos-cn-p-0015c000-ce/oIzQkUQ2EDf3kon4jgFOw2QE9AiKCk4fAmBpYH~tplv-dy-360p.jpeg?lk3s=138a59ce&x-expires=1778482800&x-signature=rPuk6OIFaNYThiZw3%2FfVs8H4%2BUA%3D&from=327834062&s=PackSourceEnum_AWEME_DETAIL&se=false&sc=origin_cover&biz_tag=pcweb_cover&l=20260427150945531EBFD8D271FE50EF3D"", ""https://p9-pc-sign.douyinpic.com/tos-cn-p-0015c000-ce/oIzQkUQ2EDf3kon4jgFOw2QE9AiKCk4fAmBpYH~tplv-dy-360p.jpeg?lk3s=138a59ce&x-expires=1778482800&x-signature=77RlHcAON47iLYIkfl0vCZDehFU%3D&from=327834062&s=PackSourceEnum_AWEME_DETAIL&se=false&sc=origin_cover&biz_tag=pcweb_cover&l=20260427150945531EBFD8D271FE50EF3D""]",640,360,tos-cn-i-0813c000-ce/oYCrAfq3uFGA4AHAIpEDigf4QAM1w4UUEo4Da9,"[""tos-cn-i-0813c000-ce/oYCrAfq3uFGA4AHAIpEDigf4QAM1w4UUEo4Da9""]",-1,-1,-1,-1,,,-1,-1,False,,,,2026-04-27 15:09:36.588829
7628127330842662905,,https://p3-pc-sign.douyinpic.com/obj/c8510002be9a3a61aad2?lk3s=138a59ce&x-expires=1778482800&x-signature=Ixn7ArmIXzuJDuNFZdwa39VlbT0%3D&from=327834062,-1,-1,tos-cn-p-0015c000-ce/ows5fAD3uj3EYF9OpVWalEeAwQFcCsAQofnIEU,"[""https://p3-pc-sign.douyinpic.com/tos-cn-p-0015c000-ce/ows5fAD3uj3EYF9OpVWalEeAwQFcCsAQofnIEU~tplv-dy-360p.jpeg?lk3s=138a59ce&x-expires=1778482800&x-signature=WzGJvUbQtoSgTaq5Um3XEbbUQuc%3D&from=327834062&s=PackSourceEnum_AWEME_DETAIL&se=false&sc=origin_cover&biz_tag=pcweb_cover&l=20260427150951611020990CF641BD71C3"", ""https://p9-pc-sign.douyinpic.com/tos-cn-p-0015c000-ce/ows5fAD3uj3EYF9OpVWalEeAwQFcCsAQofnIEU~tplv-dy-360p.jpeg?lk3s=138a59ce&x-expires=1778482800&x-signature=IkMks7jkiqEIqAcY%2B8Ob9o8eY9M%3D&from=327834062&s=PackSourceEnum_AWEME_DETAIL&se=false&sc=origin_cover&biz_tag=pcweb_cover&l=20260427150951611020990CF641BD71C3""]",480,360,tos-cn-p-0015c000-ce/o0AWhjD23HiGILX1yPYXqKiZIzcvdazdADBMJ,"[""tos-cn-p-0015c000-ce/o0AWhjD23HiGILX1yPYXqKiZIzcvdazdADBMJ""]",-1,-1,-1,-1,,,-1,-1,False,,,,2026-04-27 15:09:43.169531
7628207227194723611,,https://p3-pc-sign.douyinpic.com/obj/c8510002be9a3a61aad2?lk3s=138a59ce&x-expires=1778482800&x-signature=Ixn7ArmIXzuJDuNFZdwa39VlbT0%3D&from=327834062,-1,-1,tos-cn-p-0015/ocbyIXQiavyPdBg58XVhpAI9c2dBIgzXA1iJA,"[""https://p9-pc-sign.douyinpic.com/tos-cn-p-0015/ocbyIXQiavyPdBg58XVhpAI9c2dBIgzXA1iJA~tplv-dy-360p.jpeg?lk3s=138a59ce&x-expires=1778482800&x-signature=988GFQoJdaD0GrWqdUd6O%2B4dSs0%3D&from=327834062&s=PackSourceEnum_AWEME_DETAIL&se=false&sc=origin_cover&biz_tag=pcweb_cover&l=2026042715101176A6C4DC86E3EB4DB789"", ""https://p3-pc-sign.douyinpic.com/tos-cn-p-0015/ocbyIXQiavyPdBg58XVhpAI9c2dBIgzXA1iJA~tplv-dy-360p.jpeg?lk3s=138a59ce&x-expires=1778482800&x-signature=GWcQc8X8IlXjlyMRtiNUBw0231U%3D&from=327834062&s=PackSourceEnum_AWEME_DETAIL&se=false&sc=origin_cover&biz_tag=pcweb_cover&l=2026042715101176A6C4DC86E3EB4DB789""]",360,640,tos-cn-i-dy/b77a764a336e4ac0ad4e9287d5815d27,"[""tos-cn-i-dy/b77a764a336e4ac0ad4e9287d5815d27""]",-1,-1,-1,-1,,,-1,-1,False,,,,2026-04-27 15:10:03.894511
7628551587098610963,,https://p9-pc-sign.douyinpic.com/obj/c8510002be9a3a61aad2?lk3s=138a59ce&x-expires=1778482800&x-signature=2yXEHNqEKgteriTajlpNemiPSmI%3D&from=327834062,-1,-1,tos-cn-p-0015/oMh8gig3fAQycLmeBD9pdpBiHEACFArl9gOQ3q,"[""https://p3-pc-sign.douyinpic.com/tos-cn-p-0015/oMh8gig3fAQycLmeBD9pdpBiHEACFArl9gOQ3q~tplv-dy-360p.jpeg?lk3s=138a59ce&x-expires=1778482800&x-signature=5ZC4HVAeW9uQYEXFfVH0gxO1RfU%3D&from=327834062&s=PackSourceEnum_AWEME_DETAIL&se=false&sc=origin_cover&biz_tag=pcweb_cover&l=20260427151036AA15E781F3BA0252614E"", ""https://p9-pc-sign.douyinpic.com/tos-cn-p-0015/oMh8gig3fAQycLmeBD9pdpBiHEACFArl9gOQ3q~tplv-dy-360p.jpeg?lk3s=138a59ce&x-expires=1778482800&x-signature=zqUKlyPh%2Bm22ITvkEfLJlkBL9tU%3D&from=327834062&s=PackSourceEnum_AWEME_DETAIL&se=false&sc=origin_cover&biz_tag=pcweb_cover&l=20260427151036AA15E781F3BA0252614E""]",640,360,tos-cn-i-dy/5eb7db6c8eff4451b2e3fc6963c5faaa,"[""tos-cn-i-dy/5eb7db6c8eff4451b2e3fc6963c5faaa""]",-1,-1,-1,-1,,,-1,-1,False,,,,2026-04-27 15:10:25.561536
7628553852249267967,,https://p3-pc-sign.douyinpic.com/obj/c8510002be9a3a61aad2?lk3s=138a59ce&x-expires=1778482800&x-signature=Ixn7ArmIXzuJDuNFZdwa39VlbT0%3D&from=327834062,-1,-1,tos-cn-p-0015/oUeeGe0hHIdoQVEpCGOALJqeQQtDATiwOEpkeU,"[""https://p9-pc-sign.douyinpic.com/tos-cn-p-0015/oUeeGe0hHIdoQVEpCGOALJqeQQtDATiwOEpkeU~tplv-dy-360p.jpeg?lk3s=138a59ce&x-expires=1778482800&x-signature=n364Phap0ICNdgBKkS36FnyNgM0%3D&from=327834062&s=PackSourceEnum_AWEME_DETAIL&se=false&sc=origin_cover&biz_tag=pcweb_cover&l=202604271510443A0BF95B96B46750B4C2"", ""https://p3-pc-sign.douyinpic.com/tos-cn-p-0015/oUeeGe0hHIdoQVEpCGOALJqeQQtDATiwOEpkeU~tplv-dy-360p.jpeg?lk3s=138a59ce&x-expires=1778482800&x-signature=Lhnu5yXCm238FLJM%2FCVLs7B6yvo%3D&from=327834062&s=PackSourceEnum_AWEME_DETAIL&se=false&sc=origin_cover&biz_tag=pcweb_cover&l=202604271510443A0BF95B96B46750B4C2""]",360,640,tos-cn-i-0813/oAtp3ADzIACEAGrdfAAgQ8AFthePPY7FUZ89NE,"[""tos-cn-i-0813/oAtp3ADzIACEAGrdfAAgQ8AFthePPY7FUZ89NE""]",-1,-1,-1,-1,,,-1,-1,False,,,,2026-04-27 15:10:35.827864
7628558364116651304,,https://p3-pc-sign.douyinpic.com/obj/c8510002be9a3a61aad2?lk3s=138a59ce&x-expires=1778482800&x-signature=Ixn7ArmIXzuJDuNFZdwa39VlbT0%3D&from=327834062,-1,-1,tos-cn-p-0015/oguBlXMQXrT7vFeYe7GgACeB308ggEE8ATC72Q,"[""https://p9-pc-sign.douyinpic.com/tos-cn-p-0015/oguBlXMQXrT7vFeYe7GgACeB308ggEE8ATC72Q~tplv-dy-360p.jpeg?lk3s=138a59ce&x-expires=1778482800&x-signature=mu%2B0cBBm8k%2FLdtZnCD%2B5KZ9oGfY%3D&from=327834062&s=PackSourceEnum_AWEME_DETAIL&se=false&sc=origin_cover&biz_tag=pcweb_cover&l=2026042715105360929B2CD13DE2B8AC82"", ""https://p3-pc-sign.douyinpic.com/tos-cn-p-0015/oguBlXMQXrT7vFeYe7GgACeB308ggEE8ATC72Q~tplv-dy-360p.jpeg?lk3s=138a59ce&x-expires=1778482800&x-signature=cFXl7bqgzChADhep9vUNuKGrtig%3D&from=327834062&s=PackSourceEnum_AWEME_DETAIL&se=false&sc=origin_cover&biz_tag=pcweb_cover&l=2026042715105360929B2CD13DE2B8AC82""]",640,360,tos-cn-i-dy/8562c31e3ac9459a9e3f431c42ecd20f,"[""tos-cn-i-dy/8562c31e3ac9459a9e3f431c42ecd20f""]",-1,-1,-1,-1,,,-1,-1,False,,,,2026-04-27 15:10:46.536612
7628593328451226926,,https://p3-pc-sign.douyinpic.com/obj/c8510002be9a3a61aad2?lk3s=138a59ce&x-expires=1778482800&x-signature=Ixn7ArmIXzuJDuNFZdwa39VlbT0%3D&from=327834062,-1,-1,tos-cn-p-0015/o4benYOEur9SEQyQjBFpANuDgcNTPA0Ufj3Aht,"[""https://p3-pc-sign.douyinpic.com/tos-cn-p-0015/o4benYOEur9SEQyQjBFpANuDgcNTPA0Ufj3Aht~tplv-dy-360p.jpeg?lk3s=138a59ce&x-expires=1778482800&x-signature=NgLlrKXKlAQOcUW1vH2SJXOgWfA%3D&from=327834062&s=PackSourceEnum_AWEME_DETAIL&se=false&sc=origin_cover&biz_tag=pcweb_cover&l=202604271510569E136B00FAC2187A923F"", ""https://p9-pc-sign.douyinpic.com/tos-cn-p-0015/o4benYOEur9SEQyQjBFpANuDgcNTPA0Ufj3Aht~tplv-dy-360p.jpeg?lk3s=138a59ce&x-expires=1778482800&x-signature=IZtJz%2BfPdw3MmQWm0IlPs7hY6Q8%3D&from=327834062&s=PackSourceEnum_AWEME_DETAIL&se=false&sc=origin_cover&biz_tag=pcweb_cover&l=202604271510569E136B00FAC2187A923F""]",640,360,tos-cn-i-dy/266385fb144c4d8eaabe47b017184c46,"[""tos-cn-i-dy/266385fb144c4d8eaabe47b017184c46""]",-1,-1,-1,-1,,,-1,-1,False,,,,2026-04-27 15:10:51.524900
7628628390169414921,,https://p3-pc-sign.douyinpic.com/obj/c8510002be9a3a61aad2?lk3s=138a59ce&x-expires=1778482800&x-signature=Ixn7ArmIXzuJDuNFZdwa39VlbT0%3D&from=327834062,-1,-1,tos-cn-p-0015/okfuVlCN3BAFTrUQBQ7QhCAu0dQgTpWdDA9eE2,"[""https://p3-pc-sign.douyinpic.com/tos-cn-p-0015/okfuVlCN3BAFTrUQBQ7QhCAu0dQgTpWdDA9eE2~tplv-dy-360p.jpeg?lk3s=138a59ce&x-expires=1778482800&x-signature=lDT%2FrRBt6YJzRJOwGNWClAcL9n4%3D&from=327834062&s=PackSourceEnum_AWEME_DETAIL&se=false&sc=origin_cover&biz_tag=pcweb_cover&l=2026042715105827D2765D57B09F62CF7D"", ""https://p9-pc-sign.douyinpic.com/tos-cn-p-0015/okfuVlCN3BAFTrUQBQ7QhCAu0dQgTpWdDA9eE2~tplv-dy-360p.jpeg?lk3s=138a59ce&x-expires=1778482800&x-signature=sn55QMWwiBAEVJgJqiLSKgN9OWM%3D&from=327834062&s=PackSourceEnum_AWEME_DETAIL&se=false&sc=origin_cover&biz_tag=pcweb_cover&l=2026042715105827D2765D57B09F62CF7D""]",640,360,tos-cn-i-dy/8669c15d4a4a4c5b9065888f986ea361,"[""tos-cn-i-dy/8669c15d4a4a4c5b9065888f986ea361""]",-1,-1,-1,-1,,,-1,-1,False,,,,2026-04-27 15:10:53.784309
7628861580435934518,,https://p3-pc-sign.douyinpic.com/obj/c8510002be9a3a61aad2?lk3s=138a59ce&x-expires=1778482800&x-signature=Ixn7ArmIXzuJDuNFZdwa39VlbT0%3D&from=327834062,-1,-1,tos-cn-p-0015/osm3DQTQDrUZyBKsgEfWANCbnFnUppAA8pw9Mf,"[""https://p3-pc-sign.douyinpic.com/tos-cn-p-0015/osm3DQTQDrUZyBKsgEfWANCbnFnUppAA8pw9Mf~tplv-dy-360p.jpeg?lk3s=138a59ce&x-expires=1778482800&x-signature=HXtDzj6bbPp8dEevDrENmLAFE9s%3D&from=327834062&s=PackSourceEnum_AWEME_DETAIL&se=false&sc=origin_cover&biz_tag=pcweb_cover&l=20260427151101F6F63826B828417A4FD2"", ""https://p9-pc-sign.douyinpic.com/tos-cn-p-0015/osm3DQTQDrUZyBKsgEfWANCbnFnUppAA8pw9Mf~tplv-dy-360p.jpeg?lk3s=138a59ce&x-expires=1778482800&x-signature=6GtjaTcbdunPuSJgyiSv%2BMr360w%3D&from=327834062&s=PackSourceEnum_AWEME_DETAIL&se=false&sc=origin_cover&biz_tag=pcweb_cover&l=20260427151101F6F63826B828417A4FD2""]",640,360,tos-cn-i-dy/4d8aba3702b14da488a790d5e2b9d177,"[""tos-cn-i-dy/4d8aba3702b14da488a790d5e2b9d177""]",-1,-1,-1,-1,,,-1,-1,False,,,,2026-04-27 15:10:56.260932
7628906864238939392,,https://p3-pc-sign.douyinpic.com/obj/c8510002be9a3a61aad2?lk3s=138a59ce&x-expires=1778482800&x-signature=Ixn7ArmIXzuJDuNFZdwa39VlbT0%3D&from=327834062,-1,-1,tos-cn-p-0015/oMC17fMUvWn8wvsof7PKaZtQEQoXgBTfBgAAmg,"[""https://p3-pc-sign.douyinpic.com/tos-cn-p-0015/oMC17fMUvWn8wvsof7PKaZtQEQoXgBTfBgAAmg~tplv-dy-360p.jpeg?lk3s=138a59ce&x-expires=1778482800&x-signature=%2BaRy3LP%2FtyOe4WiIxDEkpEQHVaI%3D&from=327834062&s=PackSourceEnum_AWEME_DETAIL&se=false&sc=origin_cover&biz_tag=pcweb_cover&l=2026042715111239CC7792D09FB254E510"", ""https://p9-pc-sign.douyinpic.com/tos-cn-p-0015/oMC17fMUvWn8wvsof7PKaZtQEQoXgBTfBgAAmg~tplv-dy-360p.jpeg?lk3s=138a59ce&x-expires=1778482800&x-signature=WpKe4grqD7kG5OE%2BNh7r00AAhQY%3D&from=327834062&s=PackSourceEnum_AWEME_DETAIL&se=false&sc=origin_cover&biz_tag=pcweb_cover&l=2026042715111239CC7792D09FB254E510""]",640,360,tos-cn-i-dy/e74c63ab14c34209b64c47b390b30c7e,"[""tos-cn-i-dy/e74c63ab14c34209b64c47b390b30c7e""]",-1,-1,-1,-1,,,-1,-1,False,,,,2026-04-27 15:11:05.249991
7628944573020130579,,https://p3-pc-sign.douyinpic.com/obj/c8510002be9a3a61aad2?lk3s=138a59ce&x-expires=1778482800&x-signature=Ixn7ArmIXzuJDuNFZdwa39VlbT0%3D&from=327834062,-1,-1,tos-cn-p-0015/ogew1lrB7AFAWEf8D9BOHbMTeJxXQBruCABO6v,"[""https://p3-pc-sign.douyinpic.com/tos-cn-p-0015/ogew1lrB7AFAWEf8D9BOHbMTeJxXQBruCABO6v~tplv-dy-360p.jpeg?lk3s=138a59ce&x-expires=1778482800&x-signature=UHGC3kbBIZnmLnjnkSn2iskzpRg%3D&from=327834062&s=PackSourceEnum_AWEME_DETAIL&se=false&sc=origin_cover&biz_tag=pcweb_cover&l=202604271511311A4E657787EB4F5B13A9"", ""https://p9-pc-sign.douyinpic.com/tos-cn-p-0015/ogew1lrB7AFAWEf8D9BOHbMTeJxXQBruCABO6v~tplv-dy-360p.jpeg?lk3s=138a59ce&x-expires=1778482800&x-signature=ux4qNEqsr4VcQ1vvYy6OGYCgPd0%3D&from=327834062&s=PackSourceEnum_AWEME_DETAIL&se=false&sc=origin_cover&biz_tag=pcweb_cover&l=202604271511311A4E657787EB4F5B13A9""]",640,360,tos-cn-i-dy/01f49371005a4c4d82f15f86177d9b72,"[""tos-cn-i-dy/01f49371005a4c4d82f15f86177d9b72""]",-1,-1,-1,-1,,,-1,-1,False,,,,2026-04-27 15:11:23.702024
7628946780247428378,,https://p9-pc-sign.douyinpic.com/obj/c8510002be9a3a61aad2?lk3s=138a59ce&x-expires=1778482800&x-signature=2yXEHNqEKgteriTajlpNemiPSmI%3D&from=327834062,-1,-1,tos-cn-p-0015/oAtutEfkAUDgbFrOwdYLIW1fgIWeYfYfbAGdHg,"[""https://p9-pc-sign.douyinpic.com/tos-cn-p-0015/oAtutEfkAUDgbFrOwdYLIW1fgIWeYfYfbAGdHg~tplv-dy-360p.jpeg?lk3s=138a59ce&x-expires=1778482800&x-signature=AL%2BmESzU4hlHRFdqdCjZ5kAAa%2BA%3D&from=327834062&s=PackSourceEnum_AWEME_DETAIL&se=false&sc=origin_cover&biz_tag=pcweb_cover&l=20260427151140CEA10C2AF9ACBDC139FC"", ""https://p3-pc-sign.douyinpic.com/tos-cn-p-0015/oAtutEfkAUDgbFrOwdYLIW1fgIWeYfYfbAGdHg~tplv-dy-360p.jpeg?lk3s=138a59ce&x-expires=1778482800&x-signature=SjbuwpNE6%2B9PnJ1I1XK%2FSYzP7NQ%3D&from=327834062&s=PackSourceEnum_AWEME_DETAIL&se=false&sc=origin_cover&biz_tag=pcweb_cover&l=20260427151140CEA10C2AF9ACBDC139FC""]",640,360,tos-cn-i-dy/a337ef0d69c840fd96d5a98e1d8183e6,"[""tos-cn-i-dy/a337ef0d69c840fd96d5a98e1d8183e6""]",-1,-1,-1,-1,,,-1,-1,False,,,,2026-04-27 15:11:33.748366
7629268617456143670,,https://p9-pc-sign.douyinpic.com/obj/c8510002be9a3a61aad2?lk3s=138a59ce&x-expires=1778482800&x-signature=2yXEHNqEKgteriTajlpNemiPSmI%3D&from=327834062,-1,-1,tos-cn-p-0015/ow7BF2GvLdepwmgIX7aSACyBep9IIECeATT0ZI,"[""https://p9-pc-sign.douyinpic.com/tos-cn-p-0015/ow7BF2GvLdepwmgIX7aSACyBep9IIECeATT0ZI~tplv-dy-360p.jpeg?lk3s=138a59ce&x-expires=1778482800&x-signature=ipbNfdK2cR6tM3ZPbdm8UDJnZ74%3D&from=327834062&s=PackSourceEnum_AWEME_DETAIL&se=false&sc=origin_cover&biz_tag=pcweb_cover&l=202604271511507195B7560CE48EBF95F5"", ""https://p3-pc-sign.douyinpic.com/tos-cn-p-0015/ow7BF2GvLdepwmgIX7aSACyBep9IIECeATT0ZI~tplv-dy-360p.jpeg?lk3s=138a59ce&x-expires=1778482800&x-signature=250%2Bf%2BekFVZ6yzgXJl8P0wKzJw4%3D&from=327834062&s=PackSourceEnum_AWEME_DETAIL&se=false&sc=origin_cover&biz_tag=pcweb_cover&l=202604271511507195B7560CE48EBF95F5""]",360,640,tos-cn-i-dy/7441056de8184feaa1f7606ac4bffc61,"[""tos-cn-i-dy/7441056de8184feaa1f7606ac4bffc61""]",-1,-1,-1,-1,,,-1,-1,False,,,,2026-04-27 15:11:43.291468
7629275610287795121,,https://p3-pc-sign.douyinpic.com/obj/c8510002be9a3a61aad2?lk3s=138a59ce&x-expires=1778482800&x-signature=Ixn7ArmIXzuJDuNFZdwa39VlbT0%3D&from=327834062,-1,-1,tos-cn-p-0015c000-ce/oA9CmFEPDYUffs4icp1xAWegP3QAQQhaDJo0Ew,"[""https://p3-pc-sign.douyinpic.com/tos-cn-p-0015c000-ce/oA9CmFEPDYUffs4icp1xAWegP3QAQQhaDJo0Ew~tplv-dy-360p.jpeg?lk3s=138a59ce&x-expires=1778482800&x-signature=qlfbs8%2BHuz9y8cGFuE%2F0rkMxEvg%3D&from=327834062&s=PackSourceEnum_AWEME_DETAIL&se=false&sc=origin_cover&biz_tag=pcweb_cover&l=20260427151200FB1654FB9791625B0DF4"", ""https://p9-pc-sign.douyinpic.com/tos-cn-p-0015c000-ce/oA9CmFEPDYUffs4icp1xAWegP3QAQQhaDJo0Ew~tplv-dy-360p.jpeg?lk3s=138a59ce&x-expires=1778482800&x-signature=G34qCAg%2Frf5nahtHqXqVM1uazYk%3D&from=327834062&s=PackSourceEnum_AWEME_DETAIL&se=false&sc=origin_cover&biz_tag=pcweb_cover&l=20260427151200FB1654FB9791625B0DF4""]",360,640,tos-cn-i-0813c000-ce/o8EeEA7BIJAfbQHBATAgIA3JQFFG2QwDUI4fQ6,"[""tos-cn-i-0813c000-ce/o8EeEA7BIJAfbQHBATAgIA3JQFFG2QwDUI4fQ6""]",-1,-1,-1,-1,,,-1,-1,False,,,,2026-04-27 15:11:53.477623
7629284843255237914,,https://p3-pc-sign.douyinpic.com/obj/c8510002be9a3a61aad2?lk3s=138a59ce&x-expires=1778482800&x-signature=Ixn7ArmIXzuJDuNFZdwa39VlbT0%3D&from=327834062,-1,-1,tos-cn-p-0015/okvQGQVlAAetBFkQ7FfUUTDCeOwDKEB2FNN2DB,"[""https://p3-pc-sign.douyinpic.com/tos-cn-p-0015/okvQGQVlAAetBFkQ7FfUUTDCeOwDKEB2FNN2DB~tplv-dy-360p.jpeg?lk3s=138a59ce&x-expires=1778482800&x-signature=h5PO3TNm6yaIzQMTM3UIYmEIhDc%3D&from=327834062&s=PackSourceEnum_AWEME_DETAIL&se=false&sc=origin_cover&biz_tag=pcweb_cover&l=20260427151211F591A8DB997FFCB3EFA6"", ""https://p9-pc-sign.douyinpic.com/tos-cn-p-0015/okvQGQVlAAetBFkQ7FfUUTDCeOwDKEB2FNN2DB~tplv-dy-360p.jpeg?lk3s=138a59ce&x-expires=1778482800&x-signature=yrmsQiGbFqeGtWxFtwCJvvwOPbM%3D&from=327834062&s=PackSourceEnum_AWEME_DETAIL&se=false&sc=origin_cover&biz_tag=pcweb_cover&l=20260427151211F591A8DB997FFCB3EFA6""]",540,360,tos-cn-i-dy/5553f119dc91405480f9d44334a9390f,"[""tos-cn-i-dy/5553f119dc91405480f9d44334a9390f""]",-1,-1,-1,-1,,,-1,-1,False,,,,2026-04-27 15:12:03.807644
7629325567690794995,,https://p3-pc-sign.douyinpic.com/obj/c8510002be9a3a61aad2?lk3s=138a59ce&x-expires=1778482800&x-signature=Ixn7ArmIXzuJDuNFZdwa39VlbT0%3D&from=327834062,-1,-1,tos-cn-p-0015/o8c0L1OHIAi6CeCBgIixezDBOvU57zDiAABngI,"[""https://p3-pc-sign.douyinpic.com/tos-cn-p-0015/o8c0L1OHIAi6CeCBgIixezDBOvU57zDiAABngI~tplv-dy-360p.jpeg?lk3s=138a59ce&x-expires=1778482800&x-signature=E%2B1H5Ux%2BmXBmF7TdvqJiHUuGEEo%3D&from=327834062&s=PackSourceEnum_AWEME_DETAIL&se=false&sc=origin_cover&biz_tag=pcweb_cover&l=20260427151222B8DB61CDDF03F854769C"", ""https://p9-pc-sign.douyinpic.com/tos-cn-p-0015/o8c0L1OHIAi6CeCBgIixezDBOvU57zDiAABngI~tplv-dy-360p.jpeg?lk3s=138a59ce&x-expires=1778482800&x-signature=fjkELwIytEeDqyofBOBsmLgDnOI%3D&from=327834062&s=PackSourceEnum_AWEME_DETAIL&se=false&sc=origin_cover&biz_tag=pcweb_cover&l=20260427151222B8DB61CDDF03F854769C""]",640,360,tos-cn-p-0015/oUAUp0DBc7OiAjieB5ICBMADHzgvxO6gwTeIzB,"[""tos-cn-p-0015/oUAUp0DBc7OiAjieB5ICBMADHzgvxO6gwTeIzB""]",-1,-1,-1,-1,,,-1,-1,False,,,,2026-04-27 15:12:14.072011
7629362643128150449,,https://p3-pc-sign.douyinpic.com/obj/c8510002be9a3a61aad2?lk3s=138a59ce&x-expires=1778482800&x-signature=Ixn7ArmIXzuJDuNFZdwa39VlbT0%3D&from=327834062,-1,-1,tos-cn-p-0015c000-ce/oInB4rBA3PGDZtmpDHf9OKfAAtEFg8EpwQ0QIq,"[""https://p9-pc-sign.douyinpic.com/tos-cn-p-0015c000-ce/oInB4rBA3PGDZtmpDHf9OKfAAtEFg8EpwQ0QIq~tplv-dy-360p.jpeg?lk3s=138a59ce&x-expires=1778482800&x-signature=9OlD872xpk3p%2BtrJj58fFIPnEYQ%3D&from=327834062&s=PackSourceEnum_AWEME_DETAIL&se=false&sc=origin_cover&biz_tag=pcweb_cover&l=20260427151235ADE2C2B5C24F2F54BBC6"", ""https://p3-pc-sign.douyinpic.com/tos-cn-p-0015c000-ce/oInB4rBA3PGDZtmpDHf9OKfAAtEFg8EpwQ0QIq~tplv-dy-360p.jpeg?lk3s=138a59ce&x-expires=1778482800&x-signature=QTfzwjYrolnuK9g%2BwUfNQ8%2BP8Sc%3D&from=327834062&s=PackSourceEnum_AWEME_DETAIL&se=false&sc=origin_cover&biz_tag=pcweb_cover&l=20260427151235ADE2C2B5C24F2F54BBC6""]",360,640,tos-cn-i-0813c000-ce/oAnD0APAED0AIOFwpK5Ac8PfXD99CiA4gEEsof,"[""tos-cn-i-0813c000-ce/oAnD0APAED0AIOFwpK5Ac8PfXD99CiA4gEEsof""]",-1,-1,-1,-1,,,-1,-1,False,,,,2026-04-27 15:12:25.993580
7629560213787413800,,https://p9-pc-sign.douyinpic.com/obj/c8510002be9a3a61aad2?lk3s=138a59ce&x-expires=1778482800&x-signature=2yXEHNqEKgteriTajlpNemiPSmI%3D&from=327834062,-1,-1,tos-cn-p-0015/ow3ANKDMFveH4phuu9HrABSAspJIINAfgpac1E,"[""https://p3-pc-sign.douyinpic.com/tos-cn-p-0015/ow3ANKDMFveH4phuu9HrABSAspJIINAfgpac1E~tplv-dy-360p.jpeg?lk3s=138a59ce&x-expires=1778482800&x-signature=tAezhpoiSsG7ylAdIvPseE8ksBI%3D&from=327834062&s=PackSourceEnum_AWEME_DETAIL&se=false&sc=origin_cover&biz_tag=pcweb_cover&l=20260427151242644B97DCC158115737F1"", ""https://p9-pc-sign.douyinpic.com/tos-cn-p-0015/ow3ANKDMFveH4phuu9HrABSAspJIINAfgpac1E~tplv-dy-360p.jpeg?lk3s=138a59ce&x-expires=1778482800&x-signature=e6XsBgiTbw5f8AOcx0hJ52Ck9mQ%3D&from=327834062&s=PackSourceEnum_AWEME_DETAIL&se=false&sc=origin_cover&biz_tag=pcweb_cover&l=20260427151242644B97DCC158115737F1""]",480,360,tos-cn-i-dy/ed2f7a761843451babfdf70f5eedeff2,"[""tos-cn-i-dy/ed2f7a761843451babfdf70f5eedeff2""]",-1,-1,-1,-1,,,-1,-1,False,,,,2026-04-27 15:12:33.286836
7629647541226753295,,https://p3-pc-sign.douyinpic.com/obj/c8510002be9a3a61aad2?lk3s=138a59ce&x-expires=1778482800&x-signature=Ixn7ArmIXzuJDuNFZdwa39VlbT0%3D&from=327834062,-1,-1,tos-cn-p-0015/osC1A9TwgF7xsBfBITED4Af3IP2IAKIhBahCf7,"[""https://p3-pc-sign.douyinpic.com/tos-cn-p-0015/osC1A9TwgF7xsBfBITED4Af3IP2IAKIhBahCf7~tplv-dy-360p.jpeg?lk3s=138a59ce&x-expires=1778482800&x-signature=F6JRXU5OCWx6CG4x%2FnTxKp1SJ7Q%3D&from=327834062&s=PackSourceEnum_AWEME_DETAIL&se=false&sc=origin_cover&biz_tag=pcweb_cover&l=2026042715124986A0D730FD8D7BA9DF14"", ""https://p9-pc-sign.douyinpic.com/tos-cn-p-0015/osC1A9TwgF7xsBfBITED4Af3IP2IAKIhBahCf7~tplv-dy-360p.jpeg?lk3s=138a59ce&x-expires=1778482800&x-signature=s%2BWDU%2BzqVQPYxI6KpXHkI2Pp6LQ%3D&from=327834062&s=PackSourceEnum_AWEME_DETAIL&se=false&sc=origin_cover&biz_tag=pcweb_cover&l=2026042715124986A0D730FD8D7BA9DF14""]",640,360,tos-cn-i-dy/7346c0e943444976af6e9ca75abf48e8,"[""tos-cn-i-dy/7346c0e943444976af6e9ca75abf48e8""]",-1,-1,-1,-1,,,-1,-1,False,,,,2026-04-27 15:12:40.240233
7629661151560204276,,https://p9-pc-sign.douyinpic.com/obj/c8510002be9a3a61aad2?lk3s=138a59ce&x-expires=1778482800&x-signature=2yXEHNqEKgteriTajlpNemiPSmI%3D&from=327834062,-1,-1,tos-cn-p-0015/owduEBAFyQLrv7DALfBwK6QfsoAtDfpCEMRTUE,"[""https://p3-pc-sign.douyinpic.com/tos-cn-p-0015/owduEBAFyQLrv7DALfBwK6QfsoAtDfpCEMRTUE~tplv-dy-360p.jpeg?lk3s=138a59ce&x-expires=1778482800&x-signature=Zm8RKUypgfFPbBwIBzvyl6hmGZU%3D&from=327834062&s=PackSourceEnum_AWEME_DETAIL&se=false&sc=origin_cover&biz_tag=pcweb_cover&l=2026042715125732DBD1763B8521B8A4A1"", ""https://p9-pc-sign.douyinpic.com/tos-cn-p-0015/owduEBAFyQLrv7DALfBwK6QfsoAtDfpCEMRTUE~tplv-dy-360p.jpeg?lk3s=138a59ce&x-expires=1778482800&x-signature=ksaDjNe5WKcNCImhvyG220%2BWbUg%3D&from=327834062&s=PackSourceEnum_AWEME_DETAIL&se=false&sc=origin_cover&biz_tag=pcweb_cover&l=2026042715125732DBD1763B8521B8A4A1""]",640,360,tos-cn-i-0813/oYDi2A7GEi4ACF8CNiMBfAKeAxAiAAQgALl0IY,"[""tos-cn-i-0813/oYDi2A7GEi4ACF8CNiMBfAKeAxAiAAQgALl0IY""]",-1,-1,-1,-1,,,-1,-1,False,,,,2026-04-27 15:12:49.401678
7629672736956108072,,https://p3-pc-sign.douyinpic.com/obj/c8510002be9a3a61aad2?lk3s=138a59ce&x-expires=1778482800&x-signature=Ixn7ArmIXzuJDuNFZdwa39VlbT0%3D&from=327834062,-1,-1,tos-cn-p-0015/o4IAii01IB3JAdBrIvjNpDAgiRCnSe5gizKAev,"[""https://p3-pc-sign.douyinpic.com/tos-cn-p-0015/o4IAii01IB3JAdBrIvjNpDAgiRCnSe5gizKAev~tplv-dy-360p.jpeg?lk3s=138a59ce&x-expires=1778482800&x-signature=EbSu9SMJVn5M56qmHeatBok7y7s%3D&from=327834062&s=PackSourceEnum_AWEME_DETAIL&se=false&sc=origin_cover&biz_tag=pcweb_cover&l=2026042715131209E8607DD3225D7D26F7"", ""https://p9-pc-sign.douyinpic.com/tos-cn-p-0015/o4IAii01IB3JAdBrIvjNpDAgiRCnSe5gizKAev~tplv-dy-360p.jpeg?lk3s=138a59ce&x-expires=1778482800&x-signature=xOPfXj2IBCzhvwNSDB1sx8o%2BMtU%3D&from=327834062&s=PackSourceEnum_AWEME_DETAIL&se=false&sc=origin_cover&biz_tag=pcweb_cover&l=2026042715131209E8607DD3225D7D26F7""]",640,360,tos-cn-i-dy/6401d5f60bc54e9583ae77b948af92b6,"[""tos-cn-i-dy/6401d5f60bc54e9583ae77b948af92b6""]",-1,-1,-1,-1,,,-1,-1,False,,,,2026-04-27 15:13:06.974684
7629694390683962624,,https://p3-pc-sign.douyinpic.com/obj/c8510002be9a3a61aad2?lk3s=138a59ce&x-expires=1778482800&x-signature=Ixn7ArmIXzuJDuNFZdwa39VlbT0%3D&from=327834062,-1,-1,tos-cn-p-0015/oIrAA4kNEIAhrthoCiHzifApPgEfQBDvpIy9gF,"[""https://p9-pc-sign.douyinpic.com/tos-cn-p-0015/oIrAA4kNEIAhrthoCiHzifApPgEfQBDvpIy9gF~tplv-dy-360p.jpeg?lk3s=138a59ce&x-expires=1778482800&x-signature=IjLH1ofU4x5dVw72tDpBMRoczP4%3D&from=327834062&s=PackSourceEnum_AWEME_DETAIL&se=false&sc=origin_cover&biz_tag=pcweb_cover&l=20260427151321E4157AF99BE8626EC731"", ""https://p3-pc-sign.douyinpic.com/tos-cn-p-0015/oIrAA4kNEIAhrthoCiHzifApPgEfQBDvpIy9gF~tplv-dy-360p.jpeg?lk3s=138a59ce&x-expires=1778482800&x-signature=0xDlRqsuV6coWh5RVDLfd1XCLIA%3D&from=327834062&s=PackSourceEnum_AWEME_DETAIL&se=false&sc=origin_cover&biz_tag=pcweb_cover&l=20260427151321E4157AF99BE8626EC731""]",480,360,tos-cn-i-dy/35f234c79f24414cbbfd262a356c8355,"[""tos-cn-i-dy/35f234c79f24414cbbfd262a356c8355""]",-1,-1,-1,-1,,,-1,-1,False,,,,2026-04-27 15:13:15.117251
7629701737275998309,,https://p3-pc-sign.douyinpic.com/obj/c8510002be9a3a61aad2?lk3s=138a59ce&x-expires=1778482800&x-signature=Ixn7ArmIXzuJDuNFZdwa39VlbT0%3D&from=327834062,-1,-1,tos-cn-p-0015c000-ce/o8SihAfGn4QFYJ9fAdwZQpFErDJd7piVD1EiBG,"[""https://p3-pc-sign.douyinpic.com/tos-cn-p-0015c000-ce/o8SihAfGn4QFYJ9fAdwZQpFErDJd7piVD1EiBG~tplv-dy-360p.jpeg?lk3s=138a59ce&x-expires=1778482800&x-signature=8pMjyiedU3OkUa0%2FMY7MbN3AJMA%3D&from=327834062&s=PackSourceEnum_AWEME_DETAIL&se=false&sc=origin_cover&biz_tag=pcweb_cover&l=202604271513294AA79F73E2872878CFC4"", ""https://p9-pc-sign.douyinpic.com/tos-cn-p-0015c000-ce/o8SihAfGn4QFYJ9fAdwZQpFErDJd7piVD1EiBG~tplv-dy-360p.jpeg?lk3s=138a59ce&x-expires=1778482800&x-signature=S4oCZmeNw1uoyv4VY48A76%2BKfnE%3D&from=327834062&s=PackSourceEnum_AWEME_DETAIL&se=false&sc=origin_cover&biz_tag=pcweb_cover&l=202604271513294AA79F73E2872878CFC4""]",640,360,tos-cn-i-0813c000-ce/oIIB08A8vimRACpg51KE7BAAiDnUiNAEPwfieJ,"[""tos-cn-i-0813c000-ce/oIIB08A8vimRACpg51KE7BAAiDnUiNAEPwfieJ""]",-1,-1,-1,-1,,,-1,-1,False,,,,2026-04-27 15:13:23.220945
7629710513185869107,,https://p3-pc-sign.douyinpic.com/obj/c8510002be9a3a61aad2?lk3s=138a59ce&x-expires=1778482800&x-signature=Ixn7ArmIXzuJDuNFZdwa39VlbT0%3D&from=327834062,-1,-1,tos-cn-p-0015/o4DitDvGIBn4OIE0Xf9LAbvAENrTigeWDPASFp,"[""https://p9-pc-sign.douyinpic.com/tos-cn-p-0015/o4DitDvGIBn4OIE0Xf9LAbvAENrTigeWDPASFp~tplv-dy-360p.jpeg?lk3s=138a59ce&x-expires=1778482800&x-signature=4MrlRuVLo5KjKiADzPGju%2FVSWOQ%3D&from=327834062&s=PackSourceEnum_AWEME_DETAIL&se=false&sc=origin_cover&biz_tag=pcweb_cover&l=2026042715133722DB8AEEE0BADCD2CA6E"", ""https://p3-pc-sign.douyinpic.com/tos-cn-p-0015/o4DitDvGIBn4OIE0Xf9LAbvAENrTigeWDPASFp~tplv-dy-360p.jpeg?lk3s=138a59ce&x-expires=1778482800&x-signature=Yuyo21FOvqRwuHfS2ZyDAiaNqsI%3D&from=327834062&s=PackSourceEnum_AWEME_DETAIL&se=false&sc=origin_cover&biz_tag=pcweb_cover&l=2026042715133722DB8AEEE0BADCD2CA6E""]",640,360,tos-cn-i-dy/740cc2f45c9b4924b3a224f823dacf52,"[""tos-cn-i-dy/740cc2f45c9b4924b3a224f823dacf52""]",-1,-1,-1,-1,,,-1,-1,False,,,,2026-04-27 15:13:31.547925
7629801442697903802,,https://p9-pc-sign.douyinpic.com/obj/c8510002be9a3a61aad2?lk3s=138a59ce&x-expires=1778482800&x-signature=2yXEHNqEKgteriTajlpNemiPSmI%3D&from=327834062,-1,-1,tos-cn-p-0015c000-ce/ogfms5PXJft9QfQHXfAuZBAMJAHwE3sLR48OfO,"[""https://p3-pc-sign.douyinpic.com/tos-cn-p-0015c000-ce/ogfms5PXJft9QfQHXfAuZBAMJAHwE3sLR48OfO~tplv-dy-360p.jpeg?lk3s=138a59ce&x-expires=1778482800&x-signature=auEPzSk%2B41vPKpUrZ4IBciBGwSo%3D&from=327834062&s=PackSourceEnum_AWEME_DETAIL&se=false&sc=origin_cover&biz_tag=pcweb_cover&l=20260427151345B0501ACB1E06B27229A7"", ""https://p9-pc-sign.douyinpic.com/tos-cn-p-0015c000-ce/ogfms5PXJft9QfQHXfAuZBAMJAHwE3sLR48OfO~tplv-dy-360p.jpeg?lk3s=138a59ce&x-expires=1778482800&x-signature=KvlSFUN8RDF9SslFt7xx6rQVgII%3D&from=327834062&s=PackSourceEnum_AWEME_DETAIL&se=false&sc=origin_cover&biz_tag=pcweb_cover&l=20260427151345B0501ACB1E06B27229A7""]",360,640,tos-cn-p-0015c000-ce/o4HsxfgAwsAXoQffO9teOE8X35M4mLRgsHfPQJ,"[""tos-cn-p-0015c000-ce/o4HsxfgAwsAXoQffO9teOE8X35M4mLRgsHfPQJ""]",-1,-1,-1,-1,,,-1,-1,False,,,,2026-04-27 15:13:38.763052
7630024688740102137,,https://p3-pc-sign.douyinpic.com/obj/c8510002be9a3a61aad2?lk3s=138a59ce&x-expires=1778482800&x-signature=Ixn7ArmIXzuJDuNFZdwa39VlbT0%3D&from=327834062,-1,-1,tos-cn-p-0015c000-ce/oA2plsqCfAb6D9KCwQFE4SeD4fPx9w0EEACnjQ,"[""https://p3-pc-sign.douyinpic.com/tos-cn-p-0015c000-ce/oA2plsqCfAb6D9KCwQFE4SeD4fPx9w0EEACnjQ~tplv-dy-360p.jpeg?lk3s=138a59ce&x-expires=1778482800&x-signature=gXMwvbvRGPFJQ6RcQmQLyPwZfc8%3D&from=327834062&s=PackSourceEnum_AWEME_DETAIL&se=false&sc=origin_cover&biz_tag=pcweb_cover&l=20260427151351F7489DA6263A86CF3C8B"", ""https://p9-pc-sign.douyinpic.com/tos-cn-p-0015c000-ce/oA2plsqCfAb6D9KCwQFE4SeD4fPx9w0EEACnjQ~tplv-dy-360p.jpeg?lk3s=138a59ce&x-expires=1778482800&x-signature=oUjL7UfmpOjqyzjlFAjAtcTEePM%3D&from=327834062&s=PackSourceEnum_AWEME_DETAIL&se=false&sc=origin_cover&biz_tag=pcweb_cover&l=20260427151351F7489DA6263A86CF3C8B""]",360,640,tos-cn-i-0813c000-ce/oQFswANp4AKGEzGAEhO0D9SEebjfIrTAAedwED,"[""tos-cn-i-0813c000-ce/oQFswANp4AKGEzGAEhO0D9SEebjfIrTAAedwED""]",-1,-1,-1,-1,,,-1,-1,False,,,,2026-04-27 15:13:43.197795
7630026128996706225,,https://p3-pc-sign.douyinpic.com/obj/c8510002be9a3a61aad2?lk3s=138a59ce&x-expires=1778482800&x-signature=Ixn7ArmIXzuJDuNFZdwa39VlbT0%3D&from=327834062,-1,-1,tos-cn-p-0015c000-ce/osLTFR7TxAsfJGxAIwKpn7TDQijeIYYLB1fgIG,"[""https://p3-pc-sign.douyinpic.com/tos-cn-p-0015c000-ce/osLTFR7TxAsfJGxAIwKpn7TDQijeIYYLB1fgIG~tplv-dy-360p.jpeg?lk3s=138a59ce&x-expires=1778482800&x-signature=Eb8jksEhCBIx5HsC5KGkjWojG38%3D&from=327834062&s=PackSourceEnum_AWEME_DETAIL&se=false&sc=origin_cover&biz_tag=pcweb_cover&l=2026042715135693FAFBD6635C7A7B6031"", ""https://p9-pc-sign.douyinpic.com/tos-cn-p-0015c000-ce/osLTFR7TxAsfJGxAIwKpn7TDQijeIYYLB1fgIG~tplv-dy-360p.jpeg?lk3s=138a59ce&x-expires=1778482800&x-signature=qdkK%2BplBg9KXA5z1Qpdve1vUoYk%3D&from=327834062&s=PackSourceEnum_AWEME_DETAIL&se=false&sc=origin_cover&biz_tag=pcweb_cover&l=2026042715135693FAFBD6635C7A7B6031""]",640,360,tos-cn-i-0813c000-ce/ocajqrw8fAEVRYDdABe0AFCBTiEoiAAyZaAIc7,"[""tos-cn-i-0813c000-ce/ocajqrw8fAEVRYDdABe0AFCBTiEoiAAyZaAIc7""]",-1,-1,-1,-1,,,-1,-1,False,,,,2026-04-27 15:13:49.362819
7630028593015346377,,https://p3-pc-sign.douyinpic.com/obj/c8510002be9a3a61aad2?lk3s=138a59ce&x-expires=1778482800&x-signature=Ixn7ArmIXzuJDuNFZdwa39VlbT0%3D&from=327834062,-1,-1,tos-cn-p-0015/o4IAmN0mBTeuiPjAiNA3mIIBjgZNenqB6HPTs2,"[""https://p3-pc-sign.douyinpic.com/tos-cn-p-0015/o4IAmN0mBTeuiPjAiNA3mIIBjgZNenqB6HPTs2~tplv-dy-360p.jpeg?lk3s=138a59ce&x-expires=1778482800&x-signature=e6Wa%2FHVACd43To%2BWbQqxF%2FUUWZc%3D&from=327834062&s=PackSourceEnum_AWEME_DETAIL&se=false&sc=origin_cover&biz_tag=pcweb_cover&l=2026042715140223BE98034F8FE17E0C4A"", ""https://p9-pc-sign.douyinpic.com/tos-cn-p-0015/o4IAmN0mBTeuiPjAiNA3mIIBjgZNenqB6HPTs2~tplv-dy-360p.jpeg?lk3s=138a59ce&x-expires=1778482800&x-signature=1j7sRa%2BKaY%2FzDH7nU7T9fzWC3iQ%3D&from=327834062&s=PackSourceEnum_AWEME_DETAIL&se=false&sc=origin_cover&biz_tag=pcweb_cover&l=2026042715140223BE98034F8FE17E0C4A""]",360,640,tos-cn-i-0813c001/o4pDE1iNAcNJITRjAABAId85eq0gTCDAAaiHf0,"[""tos-cn-i-0813c001/o4pDE1iNAcNJITRjAABAId85eq0gTCDAAaiHf0""]",-1,-1,-1,-1,,,-1,-1,False,,,,2026-04-27 15:13:54.520762
7630056950717222159,,https://p3-pc-sign.douyinpic.com/obj/c8510002be9a3a61aad2?lk3s=138a59ce&x-expires=1778482800&x-signature=Ixn7ArmIXzuJDuNFZdwa39VlbT0%3D&from=327834062,-1,-1,tos-cn-p-0015/oYzIFaXGQAMBETxCCjrGeBC789ALBfsAqVbTQe,"[""https://p3-pc-sign.douyinpic.com/tos-cn-p-0015/oYzIFaXGQAMBETxCCjrGeBC789ALBfsAqVbTQe~tplv-dy-360p.jpeg?lk3s=138a59ce&x-expires=1778482800&x-signature=zO3fEjvVuqOrzZm01WNB5Dl5LpI%3D&from=327834062&s=PackSourceEnum_AWEME_DETAIL&se=false&sc=origin_cover&biz_tag=pcweb_cover&l=20260427151409070CCA9F52E76370EF3A"", ""https://p9-pc-sign.douyinpic.com/tos-cn-p-0015/oYzIFaXGQAMBETxCCjrGeBC789ALBfsAqVbTQe~tplv-dy-360p.jpeg?lk3s=138a59ce&x-expires=1778482800&x-signature=5Tzm6SPmzhBxAvsBlsIBk9mWVDM%3D&from=327834062&s=PackSourceEnum_AWEME_DETAIL&se=false&sc=origin_cover&biz_tag=pcweb_cover&l=20260427151409070CCA9F52E76370EF3A""]",640,360,tos-cn-i-dy/1ded9f9e9fac4cc1b43f4f1ecc8a5bfd,"[""tos-cn-i-dy/1ded9f9e9fac4cc1b43f4f1ecc8a5bfd""]",-1,-1,-1,-1,,,-1,-1,False,,,,2026-04-27 15:14:01.230688
7630085171941900456,,https://p9-pc-sign.douyinpic.com/obj/c8510002be9a3a61aad2?lk3s=138a59ce&x-expires=1778482800&x-signature=2yXEHNqEKgteriTajlpNemiPSmI%3D&from=327834062,-1,-1,tos-cn-p-0015/o0Gfgw1UDIHg7j4JAiFBG17e5CfRT0BIEGAVBx,"[""https://p3-pc-sign.douyinpic.com/tos-cn-p-0015/o0Gfgw1UDIHg7j4JAiFBG17e5CfRT0BIEGAVBx~tplv-dy-360p.jpeg?lk3s=138a59ce&x-expires=1778482800&x-signature=Si2i%2FfcZnU8DS4fx8ZiUZPjDepQ%3D&from=327834062&s=PackSourceEnum_AWEME_DETAIL&se=false&sc=origin_cover&biz_tag=pcweb_cover&l=20260427151421D7228B0782D729CC893A"", ""https://p9-pc-sign.douyinpic.com/tos-cn-p-0015/o0Gfgw1UDIHg7j4JAiFBG17e5CfRT0BIEGAVBx~tplv-dy-360p.jpeg?lk3s=138a59ce&x-expires=1778482800&x-signature=8Wi8Nd35%2BFEhVSYqkd8s8AbNlkg%3D&from=327834062&s=PackSourceEnum_AWEME_DETAIL&se=false&sc=origin_cover&biz_tag=pcweb_cover&l=20260427151421D7228B0782D729CC893A""]",360,640,tos-cn-i-0813/oAEAji0yOCA2A5BaIvC9ADAgiWgqOe9BWDCAeg,"[""tos-cn-i-0813/oAEAji0yOCA2A5BaIvC9ADAgiWgqOe9BWDCAeg""]",-1,-1,-1,-1,,,-1,-1,False,,,,2026-04-27 15:14:13.756529
7630096638253616435,,https://p3-pc-sign.douyinpic.com/obj/c8510002be9a3a61aad2?lk3s=138a59ce&x-expires=1778482800&x-signature=Ixn7ArmIXzuJDuNFZdwa39VlbT0%3D&from=327834062,-1,-1,tos-cn-p-0015/ok4MXCfXxBnOefYjQBbIQ8WtGjxxTQAA2Bb7Ak,"[""https://p9-pc-sign.douyinpic.com/tos-cn-p-0015/ok4MXCfXxBnOefYjQBbIQ8WtGjxxTQAA2Bb7Ak~tplv-dy-360p.jpeg?lk3s=138a59ce&x-expires=1778482800&x-signature=2CjaGitwKQeiVsu9bRUo3YzeE%2Fw%3D&from=327834062&s=PackSourceEnum_AWEME_DETAIL&se=false&sc=origin_cover&biz_tag=pcweb_cover&l=20260427151429942BBEC229E046C9EB63"", ""https://p3-pc-sign.douyinpic.com/tos-cn-p-0015/ok4MXCfXxBnOefYjQBbIQ8WtGjxxTQAA2Bb7Ak~tplv-dy-360p.jpeg?lk3s=138a59ce&x-expires=1778482800&x-signature=2JSG%2BrlcaajjlSoUx3iAo93lpRE%3D&from=327834062&s=PackSourceEnum_AWEME_DETAIL&se=false&sc=origin_cover&biz_tag=pcweb_cover&l=20260427151429942BBEC229E046C9EB63""]",640,360,tos-cn-i-dy/606f9c8923d54fd88f01e93ee732dd34,"[""tos-cn-i-dy/606f9c8923d54fd88f01e93ee732dd34""]",-1,-1,-1,-1,,,-1,-1,False,,,,2026-04-27 15:14:20.082468
7630304849803873574,,https://p3-pc-sign.douyinpic.com/obj/c8510002be9a3a61aad2?lk3s=138a59ce&x-expires=1778482800&x-signature=Ixn7ArmIXzuJDuNFZdwa39VlbT0%3D&from=327834062,-1,-1,tos-cn-p-0015/okMkeAYeTnB7HZMICgLIADGxByA7LLFQQaeiEJ,"[""https://p3-pc-sign.douyinpic.com/tos-cn-p-0015/okMkeAYeTnB7HZMICgLIADGxByA7LLFQQaeiEJ~tplv-dy-360p.jpeg?lk3s=138a59ce&x-expires=1778482800&x-signature=f67aHhW71e4r1ZhJf9PQPpFjU04%3D&from=327834062&s=PackSourceEnum_AWEME_DETAIL&se=false&sc=origin_cover&biz_tag=pcweb_cover&l=20260427151442DAA653A6DCE697644610"", ""https://p9-pc-sign.douyinpic.com/tos-cn-p-0015/okMkeAYeTnB7HZMICgLIADGxByA7LLFQQaeiEJ~tplv-dy-360p.jpeg?lk3s=138a59ce&x-expires=1778482800&x-signature=GwVJ4SX67B7C4abV7intgURfpsA%3D&from=327834062&s=PackSourceEnum_AWEME_DETAIL&se=false&sc=origin_cover&biz_tag=pcweb_cover&l=20260427151442DAA653A6DCE697644610""]",640,360,tos-cn-i-dy/9fc448ecb47848869fd9dea13dedf902,"[""tos-cn-i-dy/9fc448ecb47848869fd9dea13dedf902""]",-1,-1,-1,-1,,,-1,-1,False,,,,2026-04-27 15:14:33.220944
7630329911005154595,,https://p3-pc-sign.douyinpic.com/obj/c8510002be9a3a61aad2?lk3s=138a59ce&x-expires=1778482800&x-signature=Ixn7ArmIXzuJDuNFZdwa39VlbT0%3D&from=327834062,-1,-1,tos-cn-p-0015/o8jBFIM3k6pA9KOYedEGBF5A9ALD7g7DMIfv1P,"[""https://p3-pc-sign.douyinpic.com/tos-cn-p-0015/o8jBFIM3k6pA9KOYedEGBF5A9ALD7g7DMIfv1P~tplv-dy-360p.jpeg?lk3s=138a59ce&x-expires=1778482800&x-signature=a9eq5ghC%2BOvNr94DbV8QN16Dw2M%3D&from=327834062&s=PackSourceEnum_AWEME_DETAIL&se=false&sc=origin_cover&biz_tag=pcweb_cover&l=2026042715144856981CF4904CFAC39609"", ""https://p9-pc-sign.douyinpic.com/tos-cn-p-0015/o8jBFIM3k6pA9KOYedEGBF5A9ALD7g7DMIfv1P~tplv-dy-360p.jpeg?lk3s=138a59ce&x-expires=1778482800&x-signature=IyxixzFJgZlmlpFLdL8zpzu0i%2Bo%3D&from=327834062&s=PackSourceEnum_AWEME_DETAIL&se=false&sc=origin_cover&biz_tag=pcweb_cover&l=2026042715144856981CF4904CFAC39609""]",640,360,tos-cn-i-dy/0377ac14d7af4cd7ae214f4e4070d5dd,"[""tos-cn-i-dy/0377ac14d7af4cd7ae214f4e4070d5dd""]",-1,-1,-1,-1,,,-1,-1,False,,,,2026-04-27 15:14:40.598495
7630333079898361128,,https://p3-pc-sign.douyinpic.com/obj/c8510002be9a3a61aad2?lk3s=138a59ce&x-expires=1778482800&x-signature=Ixn7ArmIXzuJDuNFZdwa39VlbT0%3D&from=327834062,-1,-1,tos-cn-p-0015/oo0ckoDPQFAfQeCyyAEaaxBHB4Lif7lITlzPAJ,"[""https://p3-pc-sign.douyinpic.com/tos-cn-p-0015/oo0ckoDPQFAfQeCyyAEaaxBHB4Lif7lITlzPAJ~tplv-dy-360p.jpeg?lk3s=138a59ce&x-expires=1778482800&x-signature=zXCYshUzvMksnZpIp2MYAvNbBpI%3D&from=327834062&s=PackSourceEnum_AWEME_DETAIL&se=false&sc=origin_cover&biz_tag=pcweb_cover&l=20260427151458C9541842844F6F7819B1"", ""https://p9-pc-sign.douyinpic.com/tos-cn-p-0015/oo0ckoDPQFAfQeCyyAEaaxBHB4Lif7lITlzPAJ~tplv-dy-360p.jpeg?lk3s=138a59ce&x-expires=1778482800&x-signature=2xLEvdaLrZXQLAO7cE02kV5Px24%3D&from=327834062&s=PackSourceEnum_AWEME_DETAIL&se=false&sc=origin_cover&biz_tag=pcweb_cover&l=20260427151458C9541842844F6F7819B1""]",640,360,tos-cn-i-dy/d726ce02e6e24fe1bdbaf5036e071c07,"[""tos-cn-i-dy/d726ce02e6e24fe1bdbaf5036e071c07""]",-1,-1,-1,-1,,,-1,-1,False,,,,2026-04-27 15:14:50.268226
7630742038295629108,,https://p3-pc-sign.douyinpic.com/obj/c8510002be9a3a61aad2?lk3s=138a59ce&x-expires=1778482800&x-signature=Ixn7ArmIXzuJDuNFZdwa39VlbT0%3D&from=327834062,-1,-1,tos-cn-p-0015/oUeBWiAzBuWvrwea30sJAiNlJQIAIUWCBX1Zig,"[""https://p3-pc-sign.douyinpic.com/tos-cn-p-0015/oUeBWiAzBuWvrwea30sJAiNlJQIAIUWCBX1Zig~tplv-dy-360p.jpeg?lk3s=138a59ce&x-expires=1778482800&x-signature=SflfgFVyvxpMFEZVkAe8OY5GJJY%3D&from=327834062&s=PackSourceEnum_AWEME_DETAIL&se=false&sc=origin_cover&biz_tag=pcweb_cover&l=20260427151505203DD0C675BA127C6B7E"", ""https://p9-pc-sign.douyinpic.com/tos-cn-p-0015/oUeBWiAzBuWvrwea30sJAiNlJQIAIUWCBX1Zig~tplv-dy-360p.jpeg?lk3s=138a59ce&x-expires=1778482800&x-signature=CTCRqEj1bGyoNh%2BjGTfBBwi3es8%3D&from=327834062&s=PackSourceEnum_AWEME_DETAIL&se=false&sc=origin_cover&biz_tag=pcweb_cover&l=20260427151505203DD0C675BA127C6B7E""]",640,360,tos-cn-i-dy/10827796a47d48edad9a15d21fe5f031,"[""tos-cn-i-dy/10827796a47d48edad9a15d21fe5f031""]",-1,-1,-1,-1,,,-1,-1,False,,,,2026-04-27 15:14:57.049509
7630746470311922984,,https://p3-pc-sign.douyinpic.com/obj/c8510002be9a3a61aad2?lk3s=138a59ce&x-expires=1778482800&x-signature=Ixn7ArmIXzuJDuNFZdwa39VlbT0%3D&from=327834062,-1,-1,tos-cn-p-0015/osDlKNLMIBf5XIEYXf93AunAVzFAdgvWAjA4Fp,"[""https://p3-pc-sign.douyinpic.com/tos-cn-p-0015/osDlKNLMIBf5XIEYXf93AunAVzFAdgvWAjA4Fp~tplv-dy-360p.jpeg?lk3s=138a59ce&x-expires=1778482800&x-signature=dPz5hvj5InkGibHC0wWeSEWnGRE%3D&from=327834062&s=PackSourceEnum_AWEME_DETAIL&se=false&sc=origin_cover&biz_tag=pcweb_cover&l=20260427151513E2527525FD31FA88E7E1"", ""https://p9-pc-sign.douyinpic.com/tos-cn-p-0015/osDlKNLMIBf5XIEYXf93AunAVzFAdgvWAjA4Fp~tplv-dy-360p.jpeg?lk3s=138a59ce&x-expires=1778482800&x-signature=YCf1%2BmpKtd1jPiByuWLsq1RxFTM%3D&from=327834062&s=PackSourceEnum_AWEME_DETAIL&se=false&sc=origin_cover&biz_tag=pcweb_cover&l=20260427151513E2527525FD31FA88E7E1""]",640,360,tos-cn-i-dy/7acb069fa8f7490d9eec72b50ade6668,"[""tos-cn-i-dy/7acb069fa8f7490d9eec72b50ade6668""]",-1,-1,-1,-1,,,-1,-1,False,,,,2026-04-27 15:15:05.196921
7630750215242610875,,https://p3-pc-sign.douyinpic.com/obj/c8510002be9a3a61aad2?lk3s=138a59ce&x-expires=1778482800&x-signature=Ixn7ArmIXzuJDuNFZdwa39VlbT0%3D&from=327834062,-1,-1,tos-cn-p-0015c000-ce/o05AsCEduLDw9OwOytXpFdlEf0eFfpQA3OQ0ZS,"[""https://p3-pc-sign.douyinpic.com/tos-cn-p-0015c000-ce/o05AsCEduLDw9OwOytXpFdlEf0eFfpQA3OQ0ZS~tplv-dy-360p.jpeg?lk3s=138a59ce&x-expires=1778482800&x-signature=du2Lq67MZi3a7WS1xGd2xQXYzCI%3D&from=327834062&s=PackSourceEnum_AWEME_DETAIL&se=false&sc=origin_cover&biz_tag=pcweb_cover&l=2026042715152202E4FB352EF8BC6DAF21"", ""https://p9-pc-sign.douyinpic.com/tos-cn-p-0015c000-ce/o05AsCEduLDw9OwOytXpFdlEf0eFfpQA3OQ0ZS~tplv-dy-360p.jpeg?lk3s=138a59ce&x-expires=1778482800&x-signature=dDihr%2BzlJZ%2BT1bC9LsuEokvY4Po%3D&from=327834062&s=PackSourceEnum_AWEME_DETAIL&se=false&sc=origin_cover&biz_tag=pcweb_cover&l=2026042715152202E4FB352EF8BC6DAF21""]",640,360,tos-cn-p-0015c000-ce/oQAEJcOL5tpQfCfn0HDdpQ0Ke5v9EyFwsIOAsZ,"[""tos-cn-p-0015c000-ce/oQAEJcOL5tpQfCfn0HDdpQ0Ke5v9EyFwsIOAsZ""]",-1,-1,-1,-1,,,-1,-1,False,,,,2026-04-27 15:15:15.550102
