video_id,chapter_index,chapter_desc,chapter_detail,chapter_timestamp,chapter_cover_url,chapter_abstract,chapter_review_status,chapter_recommend_type,crawl_time
7624873382114282803,1,章节1,章节1 — 她又是如何蜕变攻略豪门的？#深度解析 #许我耀眼 #赵露思 #青年创作者成长计划,139,,她又是如何蜕变攻略豪门的？#深度解析 #许我耀眼 #赵露思 #青年创作者成长计划,1,default,2026-04-27 15:03:29.419272
7624873382114282803,2,章节2,章节2 — 她又是如何蜕变攻略豪门的？#深度解析 #许我耀眼 #赵露思 #青年创作者成长计划,278,,她又是如何蜕变攻略豪门的？#深度解析 #许我耀眼 #赵露思 #青年创作者成长计划,1,default,2026-04-27 15:03:29.419272
7624873382114282803,3,章节3,章节3 — 她又是如何蜕变攻略豪门的？#深度解析 #许我耀眼 #赵露思 #青年创作者成长计划,417,,她又是如何蜕变攻略豪门的？#深度解析 #许我耀眼 #赵露思 #青年创作者成长计划,1,default,2026-04-27 15:03:29.419272
7625140333864586559,1,章节1,章节1 — #沪漂生活 #打工人日常 #山姆超市 #出租屋美食 #打工人的小幸福,277,,#沪漂生活 #打工人日常 #山姆超市 #出租屋美食 #打工人的小幸福,1,default,2026-04-27 15:03:44.201186
7625140333864586559,2,章节2,章节2 — #沪漂生活 #打工人日常 #山姆超市 #出租屋美食 #打工人的小幸福,555,,#沪漂生活 #打工人日常 #山姆超市 #出租屋美食 #打工人的小幸福,1,default,2026-04-27 15:03:44.201186
7625266759122124394,1,章节1,章节1 — 一人雨天床车露营#露营车#床车#露营神车#雨天露营,193,,一人雨天床车露营#露营车#床车#露营神车#雨天露营,1,default,2026-04-27 15:03:50.675791
7625382302234791183,1,章节1,章节1 — #史前生物 #古生物 #生物科普知识 #菊石 #邓氏鱼,638,,#史前生物 #古生物 #生物科普知识 #菊石 #邓氏鱼,1,default,2026-04-27 15:03:59.209786
7625382302234791183,2,章节2,章节2 — #史前生物 #古生物 #生物科普知识 #菊石 #邓氏鱼,1277,,#史前生物 #古生物 #生物科普知识 #菊石 #邓氏鱼,1,default,2026-04-27 15:03:59.209786
7625382302234791183,3,章节3,章节3 — #史前生物 #古生物 #生物科普知识 #菊石 #邓氏鱼,1916,,#史前生物 #古生物 #生物科普知识 #菊石 #邓氏鱼,1,default,2026-04-27 15:03:59.209786
7625492021486144777,1,章节1,章节1 — {},157,,{},1,default,2026-04-27 15:04:07.974783
7625492021486144777,2,章节2,章节2 — {},315,,{},1,default,2026-04-27 15:04:07.974783
7625492021486144777,3,章节3,章节3 — {},473,,{},1,default,2026-04-27 15:04:07.974783
7625531481825330537,1,章节1,章节1 — #vlog,233,,#vlog,1,default,2026-04-27 15:04:16.156054
7625546845988749440,1,章节1,章节1 — #这一碗好过瘾 #曹氏鸭脖,68018,,#这一碗好过瘾 #曹氏鸭脖,1,default,2026-04-27 15:04:23.509657
7625546845988749440,2,章节2,章节2 — #这一碗好过瘾 #曹氏鸭脖,136037,,#这一碗好过瘾 #曹氏鸭脖,1,default,2026-04-27 15:04:23.509657
7625929057691078053,1,章节1,章节1 — 所见皆是熟悉，所听皆是乡音，出发中国台湾！#让世界看到中国的美,113,,所见皆是熟悉，所听皆是乡音，出发中国台湾！#让世界看到中国的美,1,default,2026-04-27 15:04:28.233944
7625929057691078053,2,章节2,章节2 — 所见皆是熟悉，所听皆是乡音，出发中国台湾！#让世界看到中国的美,226,,所见皆是熟悉，所听皆是乡音，出发中国台湾！#让世界看到中国的美,1,default,2026-04-27 15:04:28.233944
7625929057691078053,3,章节3,章节3 — 所见皆是熟悉，所听皆是乡音，出发中国台湾！#让世界看到中国的美,339,,所见皆是熟悉，所听皆是乡音，出发中国台湾！#让世界看到中国的美,1,default,2026-04-27 15:04:28.233944
7625931818142878995,1,章节1,章节1 — - 抖音电商直播间带货榜是根据真实数据进行排名的直播间排行榜，希望帮助消费者通过榜单找到正在直播的好,15000,,- 抖音电商直播间带货榜是根据真实数据进行排名的直播间排行榜，希望帮助消费者通过榜单找到正在直播的好商品，让选择更简单。直播间排名越靠前曝光机会越大。,1,default,2026-04-27 15:04:35.276228
7625931818142878995,2,章节2,章节2 — - 抖音电商直播间带货榜是根据真实数据进行排名的直播间排行榜，希望帮助消费者通过榜单找到正在直播的好,30000,,- 抖音电商直播间带货榜是根据真实数据进行排名的直播间排行榜，希望帮助消费者通过榜单找到正在直播的好商品，让选择更简单。直播间排名越靠前曝光机会越大。,1,default,2026-04-27 15:04:35.276228
7625931818142878995,3,章节3,章节3 — - 抖音电商直播间带货榜是根据真实数据进行排名的直播间排行榜，希望帮助消费者通过榜单找到正在直播的好,45000,,- 抖音电商直播间带货榜是根据真实数据进行排名的直播间排行榜，希望帮助消费者通过榜单找到正在直播的好商品，让选择更简单。直播间排名越靠前曝光机会越大。,1,default,2026-04-27 15:04:35.276228
7625943440111941754,1,章节1,"章节1 — 挑战比格披萨只是最贵单品羊肉串，将近55元1斤，看看能吃多少串!
#vlog十亿流量扶持计划 #毛铺",163492,,"挑战比格披萨只是最贵单品羊肉串，将近55元1斤，看看能吃多少串!
#vlog十亿流量扶持计划 #毛铺荞酒换新装了 #荆楚都爱这一口 #武汉劲滋味",1,default,2026-04-27 15:04:41.027821
7625983892776400448,1,章节1,章节1 — #大邑 #成都周边游 #青年创作者成长计划 #药师岩 #新场古镇,112337,,#大邑 #成都周边游 #青年创作者成长计划 #药师岩 #新场古镇,1,default,2026-04-27 15:04:51.188564
7625983892776400448,2,章节2,章节2 — #大邑 #成都周边游 #青年创作者成长计划 #药师岩 #新场古镇,224675,,#大邑 #成都周边游 #青年创作者成长计划 #药师岩 #新场古镇,1,default,2026-04-27 15:04:51.188564
7626039783856311604,1,章节1,章节1 — #mrbeast #野兽先生 #野兽游戏,245,,#mrbeast #野兽先生 #野兽游戏,1,default,2026-04-27 15:04:57.781611
7626039783856311604,2,章节2,章节2 — #mrbeast #野兽先生 #野兽游戏,490,,#mrbeast #野兽先生 #野兽游戏,1,default,2026-04-27 15:04:57.781611
7626039783856311604,3,章节3,章节3 — #mrbeast #野兽先生 #野兽游戏,735,,#mrbeast #野兽先生 #野兽游戏,1,default,2026-04-27 15:04:57.781611
7626119147679665427,1,章节1,章节1 — #新番推荐 #转生成为勇者的肋骨,75089,,#新番推荐 #转生成为勇者的肋骨,1,default,2026-04-27 15:05:05.872896
7626119147679665427,2,章节2,章节2 — #新番推荐 #转生成为勇者的肋骨,150178,,#新番推荐 #转生成为勇者的肋骨,1,default,2026-04-27 15:05:05.872896
7626232419351317796,1,章节1,章节1 — #青年创作者成长计划 #交换世界计划 #环球旅行 #勇闯东南亚 #越南,229,,#青年创作者成长计划 #交换世界计划 #环球旅行 #勇闯东南亚 #越南,1,default,2026-04-27 15:05:12.056840
7626232419351317796,2,章节2,章节2 — #青年创作者成长计划 #交换世界计划 #环球旅行 #勇闯东南亚 #越南,459,,#青年创作者成长计划 #交换世界计划 #环球旅行 #勇闯东南亚 #越南,1,default,2026-04-27 15:05:12.056840
7626285740250418473,1,章节1,章节1 — #青年创作者成长计划 #肯德基 #嫩牛五方 #雪顶咖啡 #涨知识,46329,,#青年创作者成长计划 #肯德基 #嫩牛五方 #雪顶咖啡 #涨知识,1,default,2026-04-27 15:05:23.124440
7626285740250418473,2,章节2,章节2 — #青年创作者成长计划 #肯德基 #嫩牛五方 #雪顶咖啡 #涨知识,92659,,#青年创作者成长计划 #肯德基 #嫩牛五方 #雪顶咖啡 #涨知识,1,default,2026-04-27 15:05:23.124440
7626285740250418473,3,章节3,章节3 — #青年创作者成长计划 #肯德基 #嫩牛五方 #雪顶咖啡 #涨知识,138989,,#青年创作者成长计划 #肯德基 #嫩牛五方 #雪顶咖啡 #涨知识,1,default,2026-04-27 15:05:23.124440
7626294890775145403,1,章节1,章节1 — #爱吃食物的女孩子 #创作者中心 #创作灵感 #自助餐 #三文鱼,142817,,#爱吃食物的女孩子 #创作者中心 #创作灵感 #自助餐 #三文鱼,1,default,2026-04-27 15:05:32.681175
7626305366351007011,1,章节1,章节1 — 【深度解析｜第四期】芳若小课堂暗藏玄机，皇后华妃双管齐下，甄嬛发配碎玉轩#甄嬛传 #青年创作者成长计,859,,【深度解析｜第四期】芳若小课堂暗藏玄机，皇后华妃双管齐下，甄嬛发配碎玉轩#甄嬛传 #青年创作者成长计划,1,default,2026-04-27 15:05:37.339711
7626584955816021274,1,章节1,章节1 — - 抖音电商直播间带货榜是根据真实数据进行排名的直播间排行榜，希望帮助消费者通过榜单找到正在直播的好,202,,- 抖音电商直播间带货榜是根据真实数据进行排名的直播间排行榜，希望帮助消费者通过榜单找到正在直播的好商品，让选择更简单。直播间排名越靠前曝光机会越大。,1,default,2026-04-27 15:06:07.436596
7626584955816021274,2,章节2,章节2 — - 抖音电商直播间带货榜是根据真实数据进行排名的直播间排行榜，希望帮助消费者通过榜单找到正在直播的好,405,,- 抖音电商直播间带货榜是根据真实数据进行排名的直播间排行榜，希望帮助消费者通过榜单找到正在直播的好商品，让选择更简单。直播间排名越靠前曝光机会越大。,1,default,2026-04-27 15:06:07.436596
7626584955816021274,3,章节3,章节3 — - 抖音电商直播间带货榜是根据真实数据进行排名的直播间排行榜，希望帮助消费者通过榜单找到正在直播的好,608,,- 抖音电商直播间带货榜是根据真实数据进行排名的直播间排行榜，希望帮助消费者通过榜单找到正在直播的好商品，让选择更简单。直播间排名越靠前曝光机会越大。,1,default,2026-04-27 15:06:07.436596
7626684177663986971,1,章节1,章节1 — #科比 #詹姆斯 #安东尼 #美国男篮,294,,#科比 #詹姆斯 #安东尼 #美国男篮,1,default,2026-04-27 15:06:14.274431
7626700596619348401,1,章节1,章节1 — 在这里躺平几天，慢节奏享受碧海蓝天#海岛旅行 #马尔代夫 #图杜岛,217,,在这里躺平几天，慢节奏享受碧海蓝天#海岛旅行 #马尔代夫 #图杜岛,1,default,2026-04-27 15:06:18.899887
7626700596619348401,2,章节2,章节2 — 在这里躺平几天，慢节奏享受碧海蓝天#海岛旅行 #马尔代夫 #图杜岛,434,,在这里躺平几天，慢节奏享受碧海蓝天#海岛旅行 #马尔代夫 #图杜岛,1,default,2026-04-27 15:06:18.899887
7627061029150805302,1,章节1,章节1 — 是一部底层创业者的逆袭史诗，更是一场关于尊严与幸福的修行。 #大江大河  #好剧推荐,599,,是一部底层创业者的逆袭史诗，更是一场关于尊严与幸福的修行。 #大江大河  #好剧推荐,1,default,2026-04-27 15:06:25.822427
7627061029150805302,2,章节2,章节2 — 是一部底层创业者的逆袭史诗，更是一场关于尊严与幸福的修行。 #大江大河  #好剧推荐,1198,,是一部底层创业者的逆袭史诗，更是一场关于尊严与幸福的修行。 #大江大河  #好剧推荐,1,default,2026-04-27 15:06:25.822427
7627071685094657299,1,章节1,章节1 — 这是世界第一侦探，你敢跟他对视十秒吗？——L·Lawliet#死亡笔记 #L #夜神月 #动漫编年史,49866,,这是世界第一侦探，你敢跟他对视十秒吗？——L·Lawliet#死亡笔记 #L #夜神月 #动漫编年史 #二次元,1,default,2026-04-27 15:06:32.656854
7627071685094657299,2,章节2,章节2 — 这是世界第一侦探，你敢跟他对视十秒吗？——L·Lawliet#死亡笔记 #L #夜神月 #动漫编年史,99733,,这是世界第一侦探，你敢跟他对视十秒吗？——L·Lawliet#死亡笔记 #L #夜神月 #动漫编年史 #二次元,1,default,2026-04-27 15:06:32.656854
7627071685094657299,3,章节3,章节3 — 这是世界第一侦探，你敢跟他对视十秒吗？——L·Lawliet#死亡笔记 #L #夜神月 #动漫编年史,149600,,这是世界第一侦探，你敢跟他对视十秒吗？——L·Lawliet#死亡笔记 #L #夜神月 #动漫编年史 #二次元,1,default,2026-04-27 15:06:32.656854
7627097855253089579,1,章节1,章节1 — #喜羊羊与灰太狼 #美羊羊 #黑化 #反派 #二次元,47229,,#喜羊羊与灰太狼 #美羊羊 #黑化 #反派 #二次元,1,default,2026-04-27 15:06:42.052120
7627097855253089579,2,章节2,章节2 — #喜羊羊与灰太狼 #美羊羊 #黑化 #反派 #二次元,94459,,#喜羊羊与灰太狼 #美羊羊 #黑化 #反派 #二次元,1,default,2026-04-27 15:06:42.052120
7627097855253089579,3,章节3,章节3 — #喜羊羊与灰太狼 #美羊羊 #黑化 #反派 #二次元,141688,,#喜羊羊与灰太狼 #美羊羊 #黑化 #反派 #二次元,1,default,2026-04-27 15:06:42.052120
7627138316899056603,1,章节1,章节1 — ##cos假发 #毛娘 #黑执事#夏尔#波酱,160017,,##cos假发 #毛娘 #黑执事#夏尔#波酱,1,default,2026-04-27 15:06:52.655516
7627193816662936883,1,章节1,章节1 — 动漫美食复刻。《鬼灭之刃》中恋柱甘露寺蜜璃爱吃的樱饼。软糯香甜的春日和果子。一天竟然可以吃下170个,61625,,动漫美食复刻。《鬼灭之刃》中恋柱甘露寺蜜璃爱吃的樱饼。软糯香甜的春日和果子。一天竟然可以吃下170个，连吃了8个月，还是小的时候？#动漫美食复刻 #鬼灭之刃 #樱饼 #甘露寺蜜璃 #和果子,1,default,2026-04-27 15:07:02.753111
7627193816662936883,2,章节2,章节2 — 动漫美食复刻。《鬼灭之刃》中恋柱甘露寺蜜璃爱吃的樱饼。软糯香甜的春日和果子。一天竟然可以吃下170个,123250,,动漫美食复刻。《鬼灭之刃》中恋柱甘露寺蜜璃爱吃的樱饼。软糯香甜的春日和果子。一天竟然可以吃下170个，连吃了8个月，还是小的时候？#动漫美食复刻 #鬼灭之刃 #樱饼 #甘露寺蜜璃 #和果子,1,default,2026-04-27 15:07:02.753111
7627193816662936883,3,章节3,章节3 — 动漫美食复刻。《鬼灭之刃》中恋柱甘露寺蜜璃爱吃的樱饼。软糯香甜的春日和果子。一天竟然可以吃下170个,184875,,动漫美食复刻。《鬼灭之刃》中恋柱甘露寺蜜璃爱吃的樱饼。软糯香甜的春日和果子。一天竟然可以吃下170个，连吃了8个月，还是小的时候？#动漫美食复刻 #鬼灭之刃 #樱饼 #甘露寺蜜璃 #和果子,1,default,2026-04-27 15:07:02.753111
7627326318220201258,1,章节1,章节1 — nan,536,,nan,1,default,2026-04-27 15:07:13.373333
7627338394946784563,1,章节1,章节1 — #山坑螺 #新农人计划2026 #乡村守护人,564,,#山坑螺 #新农人计划2026 #乡村守护人,1,default,2026-04-27 15:07:22.385289
7627338394946784563,2,章节2,章节2 — #山坑螺 #新农人计划2026 #乡村守护人,1128,,#山坑螺 #新农人计划2026 #乡村守护人,1,default,2026-04-27 15:07:22.385289
7627416174665452806,1,章节1,章节1 — #我在抖音看动漫 #动漫编年史 #火影忍者手游 #带土 #二次元,100,,#我在抖音看动漫 #动漫编年史 #火影忍者手游 #带土 #二次元,1,default,2026-04-27 15:07:42.802850
7627416174665452806,2,章节2,章节2 — #我在抖音看动漫 #动漫编年史 #火影忍者手游 #带土 #二次元,200,,#我在抖音看动漫 #动漫编年史 #火影忍者手游 #带土 #二次元,1,default,2026-04-27 15:07:42.802850
7627416174665452806,3,章节3,章节3 — #我在抖音看动漫 #动漫编年史 #火影忍者手游 #带土 #二次元,300,,#我在抖音看动漫 #动漫编年史 #火影忍者手游 #带土 #二次元,1,default,2026-04-27 15:07:42.802850
7627417139495256057,1,章节1,章节1 — 云南腾冲真的是一座既好吃又超好玩的宝藏城市！#腾冲 #腾冲美食 #腾冲旅行 #旅行 #vlog日常,79525,,云南腾冲真的是一座既好吃又超好玩的宝藏城市！#腾冲 #腾冲美食 #腾冲旅行 #旅行 #vlog日常,1,default,2026-04-27 15:07:50.364153
7627417139495256057,2,章节2,章节2 — 云南腾冲真的是一座既好吃又超好玩的宝藏城市！#腾冲 #腾冲美食 #腾冲旅行 #旅行 #vlog日常,159050,,云南腾冲真的是一座既好吃又超好玩的宝藏城市！#腾冲 #腾冲美食 #腾冲旅行 #旅行 #vlog日常,1,default,2026-04-27 15:07:50.364153
7627417139495256057,3,章节3,章节3 — 云南腾冲真的是一座既好吃又超好玩的宝藏城市！#腾冲 #腾冲美食 #腾冲旅行 #旅行 #vlog日常,238575,,云南腾冲真的是一座既好吃又超好玩的宝藏城市！#腾冲 #腾冲美食 #腾冲旅行 #旅行 #vlog日常,1,default,2026-04-27 15:07:50.364153
7627431605422901425,1,章节1,章节1 — #赶大集 #胡辣汤 #vlog日常 #vlog美食记,179,,#赶大集 #胡辣汤 #vlog日常 #vlog美食记,1,default,2026-04-27 15:07:57.016408
7627431605422901425,2,章节2,章节2 — #赶大集 #胡辣汤 #vlog日常 #vlog美食记,358,,#赶大集 #胡辣汤 #vlog日常 #vlog美食记,1,default,2026-04-27 15:07:57.016408
7627441271367290164,1,章节1,章节1 — #轮回眼佐助 #轮回眼 #火影忍者,127,,#轮回眼佐助 #轮回眼 #火影忍者,1,default,2026-04-27 15:08:06.412546
7627441271367290164,2,章节2,章节2 — #轮回眼佐助 #轮回眼 #火影忍者,254,,#轮回眼佐助 #轮回眼 #火影忍者,1,default,2026-04-27 15:08:06.412546
7627472380595910747,1,章节1,章节1 — 在雨中露营过夜，是一种什么体验。#雨中露营#野外露营#户外露营#雨夜露营是什么体验 #助眠,387,,在雨中露营过夜，是一种什么体验。#雨中露营#野外露营#户外露营#雨夜露营是什么体验 #助眠,1,default,2026-04-27 15:08:13.955195
7627472380595910747,2,章节2,章节2 — 在雨中露营过夜，是一种什么体验。#雨中露营#野外露营#户外露营#雨夜露营是什么体验 #助眠,774,,在雨中露营过夜，是一种什么体验。#雨中露营#野外露营#户外露营#雨夜露营是什么体验 #助眠,1,default,2026-04-27 15:08:13.955195
7627472380595910747,3,章节3,章节3 — 在雨中露营过夜，是一种什么体验。#雨中露营#野外露营#户外露营#雨夜露营是什么体验 #助眠,1161,,在雨中露营过夜，是一种什么体验。#雨中露营#野外露营#户外露营#雨夜露营是什么体验 #助眠,1,default,2026-04-27 15:08:13.955195
7627472699962576166,1,章节1,章节1 — #死亡笔记 #动漫 #夜神月 #L #神作,72944,,#死亡笔记 #动漫 #夜神月 #L #神作,1,default,2026-04-27 15:08:26.859788
7627472699962576166,2,章节2,章节2 — #死亡笔记 #动漫 #夜神月 #L #神作,145889,,#死亡笔记 #动漫 #夜神月 #L #神作,1,default,2026-04-27 15:08:26.859788
7627626727761513778,1,章节1,章节1 — #李知恩 #韩剧推荐#iu #新剧推荐 #韩剧解说,335,,#李知恩 #韩剧推荐#iu #新剧推荐 #韩剧解说,1,default,2026-04-27 15:08:31.503859
7627693001658504421,1,章节1,章节1 — #第五人格 #小六呀 #交代流,122200,,#第五人格 #小六呀 #交代流,1,default,2026-04-27 15:08:36.990633
7627771722061696308,1,章节1,章节1 — #IU #边佑锡 #韩剧推荐 #新剧来袭 #抖音午夜放映厅,293,,#IU #边佑锡 #韩剧推荐 #新剧来袭 #抖音午夜放映厅,1,default,2026-04-27 15:08:39.101759
7627771722061696308,2,章节2,章节2 — #IU #边佑锡 #韩剧推荐 #新剧来袭 #抖音午夜放映厅,587,,#IU #边佑锡 #韩剧推荐 #新剧来袭 #抖音午夜放映厅,1,default,2026-04-27 15:08:39.101759
7627790321199705009,1,章节1,章节1 — 清图了是很厉害，但夺舍你的已经丢包撤了#三角洲 #三角洲行动 #娱乐 #搞笑 #游戏日常,131067,,清图了是很厉害，但夺舍你的已经丢包撤了#三角洲 #三角洲行动 #娱乐 #搞笑 #游戏日常,1,default,2026-04-27 15:08:41.938636
7627792713907195190,1,章节1,章节1 — 舒淇袁咏仪互换身份，昔日好闺蜜让你“众叛亲离”#香港恐怖片 #恐怖片 #抖音午夜放映厅 #了不起的精,425,,舒淇袁咏仪互换身份，昔日好闺蜜让你“众叛亲离”#香港恐怖片 #恐怖片 #抖音午夜放映厅 #了不起的精讲团,1,default,2026-04-27 15:08:49.841221
7627792713907195190,2,章节2,章节2 — 舒淇袁咏仪互换身份，昔日好闺蜜让你“众叛亲离”#香港恐怖片 #恐怖片 #抖音午夜放映厅 #了不起的精,851,,舒淇袁咏仪互换身份，昔日好闺蜜让你“众叛亲离”#香港恐怖片 #恐怖片 #抖音午夜放映厅 #了不起的精讲团,1,default,2026-04-27 15:08:49.841221
7627792713907195190,3,章节3,章节3 — 舒淇袁咏仪互换身份，昔日好闺蜜让你“众叛亲离”#香港恐怖片 #恐怖片 #抖音午夜放映厅 #了不起的精,1276,,舒淇袁咏仪互换身份，昔日好闺蜜让你“众叛亲离”#香港恐怖片 #恐怖片 #抖音午夜放映厅 #了不起的精讲团,1,default,2026-04-27 15:08:49.841221
7627796121867341075,1,章节1,章节1 — 小伙体验世界上各种奇葩酒店，究竟哪个才是最疯狂的#国外视频分享 #老外真会玩 #奇葩挑战,78298,,小伙体验世界上各种奇葩酒店，究竟哪个才是最疯狂的#国外视频分享 #老外真会玩 #奇葩挑战,1,default,2026-04-27 15:08:58.503082
7627796121867341075,2,章节2,章节2 — 小伙体验世界上各种奇葩酒店，究竟哪个才是最疯狂的#国外视频分享 #老外真会玩 #奇葩挑战,156596,,小伙体验世界上各种奇葩酒店，究竟哪个才是最疯狂的#国外视频分享 #老外真会玩 #奇葩挑战,1,default,2026-04-27 15:08:58.503082
7627822640091459546,1,章节1,章节1 — 大学生开学骑仿赛返校vlog，全程一千公里，一日速通#骑行vlog #大学生返校#长途骑行#机车#川,87986,,大学生开学骑仿赛返校vlog，全程一千公里，一日速通#骑行vlog #大学生返校#长途骑行#机车#川崎zx4rr,1,default,2026-04-27 15:09:14.033084
7627822640091459546,2,章节2,章节2 — 大学生开学骑仿赛返校vlog，全程一千公里，一日速通#骑行vlog #大学生返校#长途骑行#机车#川,175972,,大学生开学骑仿赛返校vlog，全程一千公里，一日速通#骑行vlog #大学生返校#长途骑行#机车#川崎zx4rr,1,default,2026-04-27 15:09:14.033084
7627822640091459546,3,章节3,章节3 — 大学生开学骑仿赛返校vlog，全程一千公里，一日速通#骑行vlog #大学生返校#长途骑行#机车#川,263958,,大学生开学骑仿赛返校vlog，全程一千公里，一日速通#骑行vlog #大学生返校#长途骑行#机车#川崎zx4rr,1,default,2026-04-27 15:09:14.033084
7627886327517711651,1,章节1,章节1 — #周润发 #喜剧 #经典港片 #一剪到底 #了不起的精讲团,846,,#周润发 #喜剧 #经典港片 #一剪到底 #了不起的精讲团,1,default,2026-04-27 15:09:23.796308
7628060646696815926,1,章节1,章节1 — #火影忍者手游 #火影忍者 #神驹斑  #盘点 #抖音二创激励计划,145600,,#火影忍者手游 #火影忍者 #神驹斑  #盘点 #抖音二创激励计划,1,default,2026-04-27 15:09:31.671785
7628110680549705189,1,章节1,章节1 — 如果你被魔法奶奶诅咒了，你能逃出生天吗？#游戏怪谈 #游戏解说 #steam游戏,134,,如果你被魔法奶奶诅咒了，你能逃出生天吗？#游戏怪谈 #游戏解说 #steam游戏,1,default,2026-04-27 15:09:36.588829
7628110680549705189,2,章节2,章节2 — 如果你被魔法奶奶诅咒了，你能逃出生天吗？#游戏怪谈 #游戏解说 #steam游戏,269,,如果你被魔法奶奶诅咒了，你能逃出生天吗？#游戏怪谈 #游戏解说 #steam游戏,1,default,2026-04-27 15:09:36.588829
7628110680549705189,3,章节3,章节3 — 如果你被魔法奶奶诅咒了，你能逃出生天吗？#游戏怪谈 #游戏解说 #steam游戏,404,,如果你被魔法奶奶诅咒了，你能逃出生天吗？#游戏怪谈 #游戏解说 #steam游戏,1,default,2026-04-27 15:09:36.588829
7628127330842662905,1,章节1,章节1 — #游牧生活 #荒野求生 #野外生存 #生存 #大山深处自然美山清水秀好风光,410,,#游牧生活 #荒野求生 #野外生存 #生存 #大山深处自然美山清水秀好风光,1,default,2026-04-27 15:09:43.169531
7628207227194723611,1,章节1,章节1 — #夜市#人间烟火#心动打卡指南#好好吃饭,39793,,#夜市#人间烟火#心动打卡指南#好好吃饭,1,default,2026-04-27 15:10:03.894511
7628207227194723611,2,章节2,章节2 — #夜市#人间烟火#心动打卡指南#好好吃饭,79587,,#夜市#人间烟火#心动打卡指南#好好吃饭,1,default,2026-04-27 15:10:03.894511
7628207227194723611,3,章节3,章节3 — #夜市#人间烟火#心动打卡指南#好好吃饭,119380,,#夜市#人间烟火#心动打卡指南#好好吃饭,1,default,2026-04-27 15:10:03.894511
7628551587098610963,1,章节1,章节1 — nan,79488,,nan,1,default,2026-04-27 15:10:25.561536
7628551587098610963,2,章节2,章节2 — nan,158976,,nan,1,default,2026-04-27 15:10:25.561536
7628551587098610963,3,章节3,章节3 — nan,238464,,nan,1,default,2026-04-27 15:10:25.561536
7628553852249267967,1,章节1,章节1 — #美团外卖40元神券是谁在领#原来美团40元神券要这样领,72500,,#美团外卖40元神券是谁在领#原来美团40元神券要这样领,1,default,2026-04-27 15:10:35.827864
7628553852249267967,2,章节2,章节2 — #美团外卖40元神券是谁在领#原来美团40元神券要这样领,145000,,#美团外卖40元神券是谁在领#原来美团40元神券要这样领,1,default,2026-04-27 15:10:35.827864
7628558364116651304,1,章节1,章节1 — #地狱客栈 #阿拉斯托 #动漫解说 #沃克斯,54491,,#地狱客栈 #阿拉斯托 #动漫解说 #沃克斯,1,default,2026-04-27 15:10:46.536612
7628558364116651304,2,章节2,章节2 — #地狱客栈 #阿拉斯托 #动漫解说 #沃克斯,108983,,#地狱客栈 #阿拉斯托 #动漫解说 #沃克斯,1,default,2026-04-27 15:10:46.536612
7628558364116651304,3,章节3,章节3 — #地狱客栈 #阿拉斯托 #动漫解说 #沃克斯,163474,,#地狱客栈 #阿拉斯托 #动漫解说 #沃克斯,1,default,2026-04-27 15:10:46.536612
7628593328451226926,1,章节1,"章节1 — 台州，不仅是糯叽叽天堂，去了三次台州，为你总结3天2晚超轻松逛吃攻略
.
Day1临海：台州府城墙（",44908,,"台州，不仅是糯叽叽天堂，去了三次台州，为你总结3天2晚超轻松逛吃攻略
.
Day1临海：台州府城墙（城隍庙-朝天门）➠紫阳街➠东湖公园➠揽胜门➠人民路
Day2天台：国清寺➠天台大瀑布➠夜游紫阳街（兴",1,default,2026-04-27 15:10:51.524900
7628593328451226926,2,章节2,"章节2 — 台州，不仅是糯叽叽天堂，去了三次台州，为你总结3天2晚超轻松逛吃攻略
.
Day1临海：台州府城墙（",89817,,"台州，不仅是糯叽叽天堂，去了三次台州，为你总结3天2晚超轻松逛吃攻略
.
Day1临海：台州府城墙（城隍庙-朝天门）➠紫阳街➠东湖公园➠揽胜门➠人民路
Day2天台：国清寺➠天台大瀑布➠夜游紫阳街（兴",1,default,2026-04-27 15:10:51.524900
7628593328451226926,3,章节3,"章节3 — 台州，不仅是糯叽叽天堂，去了三次台州，为你总结3天2晚超轻松逛吃攻略
.
Day1临海：台州府城墙（",134725,,"台州，不仅是糯叽叽天堂，去了三次台州，为你总结3天2晚超轻松逛吃攻略
.
Day1临海：台州府城墙（城隍庙-朝天门）➠紫阳街➠东湖公园➠揽胜门➠人民路
Day2天台：国清寺➠天台大瀑布➠夜游紫阳街（兴",1,default,2026-04-27 15:10:51.524900
7628628390169414921,1,章节1,章节1 — 一口气25分钟看完犯罪电影《天注定》#犯罪 #悬疑,385,,一口气25分钟看完犯罪电影《天注定》#犯罪 #悬疑,1,default,2026-04-27 15:10:53.784309
7628628390169414921,2,章节2,章节2 — 一口气25分钟看完犯罪电影《天注定》#犯罪 #悬疑,770,,一口气25分钟看完犯罪电影《天注定》#犯罪 #悬疑,1,default,2026-04-27 15:10:53.784309
7628628390169414921,3,章节3,章节3 — 一口气25分钟看完犯罪电影《天注定》#犯罪 #悬疑,1155,,一口气25分钟看完犯罪电影《天注定》#犯罪 #悬疑,1,default,2026-04-27 15:10:53.784309
7628861580435934518,1,章节1,章节1 — 沉浸式+深度解说经典战役之#塔山阻击战 #战争电影,378,,沉浸式+深度解说经典战役之#塔山阻击战 #战争电影,1,default,2026-04-27 15:10:56.260932
7628861580435934518,2,章节2,章节2 — 沉浸式+深度解说经典战役之#塔山阻击战 #战争电影,757,,沉浸式+深度解说经典战役之#塔山阻击战 #战争电影,1,default,2026-04-27 15:10:56.260932
7628861580435934518,3,章节3,章节3 — 沉浸式+深度解说经典战役之#塔山阻击战 #战争电影,1136,,沉浸式+深度解说经典战役之#塔山阻击战 #战争电影,1,default,2026-04-27 15:10:56.260932
7628906864238939392,1,章节1,章节1 — #国外生活 #外国小姐姐 #记录生活,60100,,#国外生活 #外国小姐姐 #记录生活,1,default,2026-04-27 15:11:05.249991
7628906864238939392,2,章节2,章节2 — #国外生活 #外国小姐姐 #记录生活,120200,,#国外生活 #外国小姐姐 #记录生活,1,default,2026-04-27 15:11:05.249991
7628944573020130579,1,章节1,章节1 — 花了2000...把美国所有刮刮乐每样买了一张...赚翻了...#人间观察计划  #在拍一种很新的v,117,,花了2000...把美国所有刮刮乐每样买了一张...赚翻了...#人间观察计划  #在拍一种很新的vlog,1,default,2026-04-27 15:11:23.702024
7628944573020130579,2,章节2,章节2 — 花了2000...把美国所有刮刮乐每样买了一张...赚翻了...#人间观察计划  #在拍一种很新的v,234,,花了2000...把美国所有刮刮乐每样买了一张...赚翻了...#人间观察计划  #在拍一种很新的vlog,1,default,2026-04-27 15:11:23.702024
7628944573020130579,3,章节3,章节3 — 花了2000...把美国所有刮刮乐每样买了一张...赚翻了...#人间观察计划  #在拍一种很新的v,351,,花了2000...把美国所有刮刮乐每样买了一张...赚翻了...#人间观察计划  #在拍一种很新的vlog,1,default,2026-04-27 15:11:23.702024
7628946780247428378,1,章节1,章节1 — #斩神 #安卿鱼 #拽哥 #我在抖音看动漫 #充能计划,92323,,#斩神 #安卿鱼 #拽哥 #我在抖音看动漫 #充能计划,1,default,2026-04-27 15:11:33.748366
7628946780247428378,2,章节2,章节2 — #斩神 #安卿鱼 #拽哥 #我在抖音看动漫 #充能计划,184646,,#斩神 #安卿鱼 #拽哥 #我在抖音看动漫 #充能计划,1,default,2026-04-27 15:11:33.748366
7629268617456143670,1,章节1,章节1 — 简直不要太快乐！#合肥美食#人间烟火  #好好吃饭 #合肥步行街 #6元糖水不限量,106217,,简直不要太快乐！#合肥美食#人间烟火  #好好吃饭 #合肥步行街 #6元糖水不限量,1,default,2026-04-27 15:11:43.291468
7629275610287795121,1,章节1,章节1 — #香港 #香港美食 #海鲜 #谁懂这一口的好吃程度 #心动打卡指南,69800,,#香港 #香港美食 #海鲜 #谁懂这一口的好吃程度 #心动打卡指南,1,default,2026-04-27 15:11:53.477623
7629275610287795121,2,章节2,章节2 — #香港 #香港美食 #海鲜 #谁懂这一口的好吃程度 #心动打卡指南,139600,,#香港 #香港美食 #海鲜 #谁懂这一口的好吃程度 #心动打卡指南,1,default,2026-04-27 15:11:53.477623
7629284843255237914,1,章节1,章节1 — #抖音精选 #冬阴功 #泰国美食 #妈呀太香了 #美食推荐,117950,,#抖音精选 #冬阴功 #泰国美食 #妈呀太香了 #美食推荐,1,default,2026-04-27 15:12:03.807644
7629325567690794995,1,章节1,"章节1 — 甜品天花板来了❗️冰山熔岩+巴斯克蛋糕的搭配，这个配方入口丝滑浓郁，一点也不甜腻～
巧克力脑袋闭眼冲",33494,,"甜品天花板来了❗️冰山熔岩+巴斯克蛋糕的搭配，这个配方入口丝滑浓郁，一点也不甜腻～
巧克力脑袋闭眼冲～
#冰山熔岩巴斯克 #巧克力控 #甜品治愈一切 #烘焙日常 #下午茶打卡",1,default,2026-04-27 15:12:14.072011
7629362643128150449,1,章节1,章节1 — #美食 #夜宵 #数10挑战 #美食创作人计划,97,,#美食 #夜宵 #数10挑战 #美食创作人计划,1,default,2026-04-27 15:12:25.993580
7629362643128150449,2,章节2,章节2 — #美食 #夜宵 #数10挑战 #美食创作人计划,194,,#美食 #夜宵 #数10挑战 #美食创作人计划,1,default,2026-04-27 15:12:25.993580
7629362643128150449,3,章节3,章节3 — #美食 #夜宵 #数10挑战 #美食创作人计划,291,,#美食 #夜宵 #数10挑战 #美食创作人计划,1,default,2026-04-27 15:12:25.993580
7629560213787413800,1,章节1,章节1 — #僵尸叔叔 #我的观影报告 #好剧推荐 #经典港片 #热门,300,,#僵尸叔叔 #我的观影报告 #好剧推荐 #经典港片 #热门,1,default,2026-04-27 15:12:33.286836
7629560213787413800,2,章节2,章节2 — #僵尸叔叔 #我的观影报告 #好剧推荐 #经典港片 #热门,601,,#僵尸叔叔 #我的观影报告 #好剧推荐 #经典港片 #热门,1,default,2026-04-27 15:12:33.286836
7629560213787413800,3,章节3,章节3 — #僵尸叔叔 #我的观影报告 #好剧推荐 #经典港片 #热门,902,,#僵尸叔叔 #我的观影报告 #好剧推荐 #经典港片 #热门,1,default,2026-04-27 15:12:33.286836
7629647541226753295,1,章节1,章节1 — #二次元 #动漫解说 #咒术回战 #五条悟 #漫画解说,62787,,#二次元 #动漫解说 #咒术回战 #五条悟 #漫画解说,1,default,2026-04-27 15:12:40.240233
7629647541226753295,2,章节2,章节2 — #二次元 #动漫解说 #咒术回战 #五条悟 #漫画解说,125574,,#二次元 #动漫解说 #咒术回战 #五条悟 #漫画解说,1,default,2026-04-27 15:12:40.240233
7629647541226753295,3,章节3,章节3 — #二次元 #动漫解说 #咒术回战 #五条悟 #漫画解说,188361,,#二次元 #动漫解说 #咒术回战 #五条悟 #漫画解说,1,default,2026-04-27 15:12:40.240233
7629661151560204276,1,章节1,章节1 — 南京美食分享-科巷篇｜你们还想看哪里请告诉我！#日常vlog #美食 #南京美食 #南京旅游攻略,62809,,南京美食分享-科巷篇｜你们还想看哪里请告诉我！#日常vlog #美食 #南京美食 #南京旅游攻略,1,default,2026-04-27 15:12:49.401678
7629661151560204276,2,章节2,章节2 — 南京美食分享-科巷篇｜你们还想看哪里请告诉我！#日常vlog #美食 #南京美食 #南京旅游攻略,125619,,南京美食分享-科巷篇｜你们还想看哪里请告诉我！#日常vlog #美食 #南京美食 #南京旅游攻略,1,default,2026-04-27 15:12:49.401678
7629661151560204276,3,章节3,章节3 — 南京美食分享-科巷篇｜你们还想看哪里请告诉我！#日常vlog #美食 #南京美食 #南京旅游攻略,188429,,南京美食分享-科巷篇｜你们还想看哪里请告诉我！#日常vlog #美食 #南京美食 #南京旅游攻略,1,default,2026-04-27 15:12:49.401678
7629672736956108072,1,章节1,章节1 — #地狱客栈 #美漫 #阿拉斯托,107091,,#地狱客栈 #美漫 #阿拉斯托,1,default,2026-04-27 15:13:06.974684
7629694390683962624,1,章节1,章节1 — #鬼灭之刃 #动漫解说 #堕姬 #动漫推荐 #二次元,79266,,#鬼灭之刃 #动漫解说 #堕姬 #动漫推荐 #二次元,1,default,2026-04-27 15:13:15.117251
7629694390683962624,2,章节2,章节2 — #鬼灭之刃 #动漫解说 #堕姬 #动漫推荐 #二次元,158533,,#鬼灭之刃 #动漫解说 #堕姬 #动漫推荐 #二次元,1,default,2026-04-27 15:13:15.117251
7629701737275998309,1,章节1,章节1 — 这顿饭清爽又舒服！#美食vlog #吃货日常 #厨房日记 #婚后生活,53867,,这顿饭清爽又舒服！#美食vlog #吃货日常 #厨房日记 #婚后生活,1,default,2026-04-27 15:13:23.220945
7629710513185869107,1,章节1,章节1 — #甄嬛传十级观众 #万字精讲,839,,#甄嬛传十级观众 #万字精讲,1,default,2026-04-27 15:13:31.547925
7629801442697903802,1,章节1,章节1 — 当你穿进老钱班22#侯绿萝#老钱班#舒肤佳国风沐浴露 #舒肤佳海棠知否,66989,,当你穿进老钱班22#侯绿萝#老钱班#舒肤佳国风沐浴露 #舒肤佳海棠知否,1,default,2026-04-27 15:13:38.763052
7629801442697903802,2,章节2,章节2 — 当你穿进老钱班22#侯绿萝#老钱班#舒肤佳国风沐浴露 #舒肤佳海棠知否,133978,,当你穿进老钱班22#侯绿萝#老钱班#舒肤佳国风沐浴露 #舒肤佳海棠知否,1,default,2026-04-27 15:13:38.763052
7630024688740102137,1,章节1,章节1 — 酱酱香香的八爪鱼拼盘#八爪鱼 #美食 #夜宵吃什么 #鱿鱼,42178,,酱酱香香的八爪鱼拼盘#八爪鱼 #美食 #夜宵吃什么 #鱿鱼,1,default,2026-04-27 15:13:43.197795
7630024688740102137,2,章节2,章节2 — 酱酱香香的八爪鱼拼盘#八爪鱼 #美食 #夜宵吃什么 #鱿鱼,84357,,酱酱香香的八爪鱼拼盘#八爪鱼 #美食 #夜宵吃什么 #鱿鱼,1,default,2026-04-27 15:13:43.197795
7630024688740102137,3,章节3,章节3 — 酱酱香香的八爪鱼拼盘#八爪鱼 #美食 #夜宵吃什么 #鱿鱼,126536,,酱酱香香的八爪鱼拼盘#八爪鱼 #美食 #夜宵吃什么 #鱿鱼,1,default,2026-04-27 15:13:43.197795
7630026128996706225,1,章节1,"章节1 — 《弹幕娇黛》 第一集
#原创动画#悬疑脑洞#细思极恐#求生",57120,,"《弹幕娇黛》 第一集
#原创动画#悬疑脑洞#细思极恐#求生",1,default,2026-04-27 15:13:49.362819
7630026128996706225,2,章节2,"章节2 — 《弹幕娇黛》 第一集
#原创动画#悬疑脑洞#细思极恐#求生",114241,,"《弹幕娇黛》 第一集
#原创动画#悬疑脑洞#细思极恐#求生",1,default,2026-04-27 15:13:49.362819
7630026128996706225,3,章节3,"章节3 — 《弹幕娇黛》 第一集
#原创动画#悬疑脑洞#细思极恐#求生",171362,,"《弹幕娇黛》 第一集
#原创动画#悬疑脑洞#细思极恐#求生",1,default,2026-04-27 15:13:49.362819
7630028593015346377,1,章节1,章节1 — #剧情,104,,#剧情,1,default,2026-04-27 15:13:54.520762
7630028593015346377,2,章节2,章节2 — #剧情,208,,#剧情,1,default,2026-04-27 15:13:54.520762
7630028593015346377,3,章节3,章节3 — #剧情,312,,#剧情,1,default,2026-04-27 15:13:54.520762
7630056950717222159,1,章节1,章节1 — #斗破苍穹,84358,,#斗破苍穹,1,default,2026-04-27 15:14:01.230688
7630056950717222159,2,章节2,章节2 — #斗破苍穹,168716,,#斗破苍穹,1,default,2026-04-27 15:14:01.230688
7630085171941900456,1,章节1,章节1 — #青年创作者成长计划 #炸猪排 #厚切猪排 #好吃到停不下来 #猪肉脆皮,49978,,#青年创作者成长计划 #炸猪排 #厚切猪排 #好吃到停不下来 #猪肉脆皮,1,default,2026-04-27 15:14:13.756529
7630085171941900456,2,章节2,章节2 — #青年创作者成长计划 #炸猪排 #厚切猪排 #好吃到停不下来 #猪肉脆皮,99956,,#青年创作者成长计划 #炸猪排 #厚切猪排 #好吃到停不下来 #猪肉脆皮,1,default,2026-04-27 15:14:13.756529
7630096638253616435,1,章节1,章节1 — 《サルベド漫画》#贞叶 #抖音精选作者福利派送#青年创作者成长计划  #年味的精选,198,,《サルベド漫画》#贞叶 #抖音精选作者福利派送#青年创作者成长计划  #年味的精选,1,default,2026-04-27 15:14:20.082468
7630304849803873574,1,章节1,章节1 — #地狱客栈 #亚当 #莉莉丝 #路西法 #绿帽,97620,,#地狱客栈 #亚当 #莉莉丝 #路西法 #绿帽,1,default,2026-04-27 15:14:33.220944
7630329911005154595,1,章节1,章节1 — ##凹凸世界 #派厄斯 #凹凸世界派厄斯 #青年创作者成长计划 #动漫进阶训练营,66229,,##凹凸世界 #派厄斯 #凹凸世界派厄斯 #青年创作者成长计划 #动漫进阶训练营,1,default,2026-04-27 15:14:40.598495
7630329911005154595,2,章节2,章节2 — ##凹凸世界 #派厄斯 #凹凸世界派厄斯 #青年创作者成长计划 #动漫进阶训练营,132458,,##凹凸世界 #派厄斯 #凹凸世界派厄斯 #青年创作者成长计划 #动漫进阶训练营,1,default,2026-04-27 15:14:40.598495
7630329911005154595,3,章节3,章节3 — ##凹凸世界 #派厄斯 #凹凸世界派厄斯 #青年创作者成长计划 #动漫进阶训练营,198687,,##凹凸世界 #派厄斯 #凹凸世界派厄斯 #青年创作者成长计划 #动漫进阶训练营,1,default,2026-04-27 15:14:40.598495
7630333079898361128,1,章节1,章节1 — #薛珍麒 #吴振宇 #独牙 #九球 #台球深度复盘,213,,#薛珍麒 #吴振宇 #独牙 #九球 #台球深度复盘,1,default,2026-04-27 15:14:50.268226
7630333079898361128,2,章节2,章节2 — #薛珍麒 #吴振宇 #独牙 #九球 #台球深度复盘,427,,#薛珍麒 #吴振宇 #独牙 #九球 #台球深度复盘,1,default,2026-04-27 15:14:50.268226
7630333079898361128,3,章节3,章节3 — #薛珍麒 #吴振宇 #独牙 #九球 #台球深度复盘,640,,#薛珍麒 #吴振宇 #独牙 #九球 #台球深度复盘,1,default,2026-04-27 15:14:50.268226
7630742038295629108,1,章节1,章节1 — 我不是戏神年番正式公布！#国漫推荐 #我不是戏神 #我不是戏神动画 #桃厂动漫IP和制作给到夯,62641,,我不是戏神年番正式公布！#国漫推荐 #我不是戏神 #我不是戏神动画 #桃厂动漫IP和制作给到夯,1,default,2026-04-27 15:14:57.049509
7630742038295629108,2,章节2,章节2 — 我不是戏神年番正式公布！#国漫推荐 #我不是戏神 #我不是戏神动画 #桃厂动漫IP和制作给到夯,125283,,我不是戏神年番正式公布！#国漫推荐 #我不是戏神 #我不是戏神动画 #桃厂动漫IP和制作给到夯,1,default,2026-04-27 15:14:57.049509
7630742038295629108,3,章节3,章节3 — 我不是戏神年番正式公布！#国漫推荐 #我不是戏神 #我不是戏神动画 #桃厂动漫IP和制作给到夯,187925,,我不是戏神年番正式公布！#国漫推荐 #我不是戏神 #我不是戏神动画 #桃厂动漫IP和制作给到夯,1,default,2026-04-27 15:14:57.049509
7630746470311922984,1,章节1,章节1 — 甚尔在失去妻子之前一定很幸福吧！#咒术回战 #伏黑甚尔 #动漫编年史 #我在抖音看动漫 #伏黑惠,64938,,甚尔在失去妻子之前一定很幸福吧！#咒术回战 #伏黑甚尔 #动漫编年史 #我在抖音看动漫 #伏黑惠,1,default,2026-04-27 15:15:05.196921
7630746470311922984,2,章节2,章节2 — 甚尔在失去妻子之前一定很幸福吧！#咒术回战 #伏黑甚尔 #动漫编年史 #我在抖音看动漫 #伏黑惠,129877,,甚尔在失去妻子之前一定很幸福吧！#咒术回战 #伏黑甚尔 #动漫编年史 #我在抖音看动漫 #伏黑惠,1,default,2026-04-27 15:15:05.196921
7630750215242610875,1,章节1,章节1 — {},174000,,{},1,default,2026-04-27 15:15:15.550102
