node_id,raw_id,node_type,is_main_video,is_related_only_video,has_label,label,split
0,7624873382114282803,video,yes,no,yes,0,train
1,7625140333864586559,video,yes,no,yes,0,eval
2,7625266759122124394,video,yes,no,yes,1,eval
3,7625382302234791183,video,yes,no,yes,1,train
4,7625492021486144777,video,yes,no,yes,0,train
5,7625531481825330537,video,yes,no,yes,1,train
6,7625546845988749440,video,yes,no,yes,0,eval
7,7625929057691078053,video,yes,no,yes,1,eval
8,7625931818142878995,video,yes,no,yes,0,train
9,7625943440111941754,video,yes,no,yes,0,train
10,7625983892776400448,video,yes,no,yes,0,train
11,7626039783856311604,video,yes,no,yes,0,train
12,7626119147679665427,video,yes,no,yes,1,train
13,7626232419351317796,video,yes,no,yes,1,train
14,7626285740250418473,video,yes,no,yes,0,train
15,7626294890775145403,video,yes,no,yes,0,train
16,7626305366351007011,video,yes,no,yes,1,train
17,7626584955816021274,video,yes,no,yes,1,train
18,7626684177663986971,video,yes,no,yes,0,train
19,7626700596619348401,video,yes,no,yes,0,train
20,7627061029150805302,video,yes,no,yes,1,eval
21,7627071685094657299,video,yes,no,yes,0,train
22,7627097855253089579,video,yes,no,yes,0,train
23,7627138316899056603,video,yes,no,yes,1,train
24,7627193816662936883,video,yes,no,yes,0,train
25,7627326318220201258,video,yes,no,yes,1,train
26,7627338394946784563,video,yes,no,yes,0,eval
27,7627416174665452806,video,yes,no,yes,0,eval
28,7627417139495256057,video,yes,no,yes,0,eval
29,7627431605422901425,video,yes,no,yes,1,eval
30,7627441271367290164,video,yes,no,yes,0,train
31,7627472380595910747,video,yes,no,yes,0,train
32,7627472699962576166,video,yes,no,yes,0,train
33,7627626727761513778,video,yes,no,yes,0,eval
34,7627693001658504421,video,yes,no,yes,0,train
35,7627771722061696308,video,yes,no,yes,1,train
36,7627790321199705009,video,yes,no,yes,1,train
37,7627792713907195190,video,yes,no,yes,0,train
38,7627796121867341075,video,yes,no,yes,0,train
39,7627822640091459546,video,yes,no,yes,0,train
40,7627886327517711651,video,yes,no,yes,1,train
41,7628060646696815926,video,yes,no,yes,1,train
42,7628110680549705189,video,yes,no,yes,0,train
43,7628127330842662905,video,yes,no,yes,0,train
44,7628207227194723611,video,yes,no,yes,1,train
45,7628551587098610963,video,yes,no,yes,1,train
46,7628553852249267967,video,yes,no,yes,1,train
47,7628558364116651304,video,yes,no,yes,0,train
48,7628593328451226926,video,yes,no,yes,1,train
49,7628628390169414921,video,yes,no,yes,1,train
50,7628861580435934518,video,yes,no,yes,0,train
51,7628906864238939392,video,yes,no,yes,0,eval
52,7628944573020130579,video,yes,no,yes,1,train
53,7628946780247428378,video,yes,no,yes,0,train
54,7629268617456143670,video,yes,no,yes,0,eval
55,7629275610287795121,video,yes,no,yes,0,train
56,7629284843255237914,video,yes,no,yes,0,eval
57,7629325567690794995,video,yes,no,yes,0,train
58,7629362643128150449,video,yes,no,yes,1,train
59,7629560213787413800,video,yes,no,yes,0,train
60,7629647541226753295,video,yes,no,yes,1,train
61,7629661151560204276,video,yes,no,yes,0,train
62,7629672736956108072,video,yes,no,yes,0,train
63,7629694390683962624,video,yes,no,yes,1,train
64,7629701737275998309,video,yes,no,yes,1,train
65,7629710513185869107,video,yes,no,yes,1,train
66,7629801442697903802,video,yes,no,yes,1,eval
67,7630024688740102137,video,yes,no,yes,1,train
68,7630026128996706225,video,yes,no,yes,1,train
69,7630028593015346377,video,yes,no,yes,1,eval
70,7630056950717222159,video,yes,no,yes,0,train
71,7630085171941900456,video,yes,no,yes,0,train
72,7630096638253616435,video,yes,no,yes,0,train
73,7630304849803873574,video,yes,no,yes,0,eval
74,7630329911005154595,video,yes,no,yes,0,train
75,7630333079898361128,video,yes,no,yes,1,train
76,7630742038295629108,video,yes,no,yes,0,train
77,7630746470311922984,video,yes,no,yes,0,train
78,7630750215242610875,video,yes,no,yes,0,train
79,REL796560443700367085,video,no,yes,no,-1,none
80,REL807457874749258520,video,no,yes,no,-1,none
81,REL840485451943746983,video,no,yes,no,-1,none
82,REL782278966076836494,video,no,yes,no,-1,none
83,REL520048903354330786,video,no,yes,no,-1,none
84,REL433413735431382010,video,no,yes,no,-1,none
85,REL702832595214259322,video,no,yes,no,-1,none
86,REL448730541127157090,video,no,yes,no,-1,none
87,REL808231939751924556,video,no,yes,no,-1,none
88,REL203077066182376129,video,no,yes,no,-1,none
89,REL598221460592196320,video,no,yes,no,-1,none
90,REL868062765941349569,video,no,yes,no,-1,none
91,REL601328937107150596,video,no,yes,no,-1,none
92,REL181043074698077590,video,no,yes,no,-1,none
93,REL726688337569962503,video,no,yes,no,-1,none
94,REL206205311908463876,video,no,yes,no,-1,none
95,REL800875813569215212,video,no,yes,no,-1,none
96,REL282127028315707308,video,no,yes,no,-1,none
97,REL747516660355843172,video,no,yes,no,-1,none
98,REL137452756475703281,video,no,yes,no,-1,none
99,REL253533671683197587,video,no,yes,no,-1,none
100,REL534073093248610249,video,no,yes,no,-1,none
101,REL614555247138467861,video,no,yes,no,-1,none
102,REL843662731774922093,video,no,yes,no,-1,none
103,REL353110405455107527,video,no,yes,no,-1,none
104,REL133671300558561900,video,no,yes,no,-1,none
105,REL957609455562770477,video,no,yes,no,-1,none
106,REL491587354002734218,video,no,yes,no,-1,none
107,REL566972524347804210,video,no,yes,no,-1,none
108,REL336214464330578293,video,no,yes,no,-1,none
109,REL261341477341965192,video,no,yes,no,-1,none
110,REL550667067582108146,video,no,yes,no,-1,none
111,REL209649254165678033,video,no,yes,no,-1,none
112,REL765085603523987645,video,no,yes,no,-1,none
113,REL539725640816380044,video,no,yes,no,-1,none
114,REL670577600512976661,video,no,yes,no,-1,none
115,REL939720899440190149,video,no,yes,no,-1,none
116,REL817135379492645583,video,no,yes,no,-1,none
117,REL471314412346312364,video,no,yes,no,-1,none
118,REL312996126697823122,video,no,yes,no,-1,none
119,REL231555919773428462,video,no,yes,no,-1,none
120,REL238252055672852807,video,no,yes,no,-1,none
121,REL632029434499874173,video,no,yes,no,-1,none
122,REL139127555811512800,video,no,yes,no,-1,none
123,REL144328707934834609,video,no,yes,no,-1,none
124,REL189201827421888019,video,no,yes,no,-1,none
125,REL678234948395992972,video,no,yes,no,-1,none
126,REL446580546490318155,video,no,yes,no,-1,none
127,REL309312946475986336,video,no,yes,no,-1,none
128,REL953972134043806408,video,no,yes,no,-1,none
129,REL687328606504091915,video,no,yes,no,-1,none
130,REL725318315936648410,video,no,yes,no,-1,none
131,REL176043896941168237,video,no,yes,no,-1,none
132,REL815603355084777313,video,no,yes,no,-1,none
133,REL254162173683510023,video,no,yes,no,-1,none
134,REL542937894017886270,video,no,yes,no,-1,none
135,REL692076956536475120,video,no,yes,no,-1,none
136,REL343481446819158199,video,no,yes,no,-1,none
137,REL494113633478878030,video,no,yes,no,-1,none
138,REL438723526132743643,video,no,yes,no,-1,none
139,REL673366495592086907,video,no,yes,no,-1,none
140,REL512693273618696097,video,no,yes,no,-1,none
141,REL997331192053815773,video,no,yes,no,-1,none
142,REL685112514002917358,video,no,yes,no,-1,none
143,REL799091146622996771,video,no,yes,no,-1,none
144,REL645332659882954965,video,no,yes,no,-1,none
145,REL935015887155052412,video,no,yes,no,-1,none
146,REL554077891173687899,video,no,yes,no,-1,none
147,REL273737341782013732,video,no,yes,no,-1,none
148,REL138115496422150465,video,no,yes,no,-1,none
149,REL982024461598773286,video,no,yes,no,-1,none
150,REL371208369263246179,video,no,yes,no,-1,none
151,REL557517464602247954,video,no,yes,no,-1,none
152,REL485112892313215004,video,no,yes,no,-1,none
153,REL629475623568107471,video,no,yes,no,-1,none
154,REL609194710388728844,video,no,yes,no,-1,none
155,REL594229945239711498,video,no,yes,no,-1,none
156,REL928951477565672509,video,no,yes,no,-1,none
157,REL544727481865681121,video,no,yes,no,-1,none
158,REL255695000672434477,video,no,yes,no,-1,none
159,REL435035415872393415,video,no,yes,no,-1,none
160,REL794894402219127123,video,no,yes,no,-1,none
161,REL109654880478108658,video,no,yes,no,-1,none
162,REL600372485225603630,video,no,yes,no,-1,none
163,REL172044355281566604,video,no,yes,no,-1,none
164,REL140184180076851024,video,no,yes,no,-1,none
165,REL175703801101193889,video,no,yes,no,-1,none
166,REL152297633549302652,video,no,yes,no,-1,none
167,REL791764830513441289,video,no,yes,no,-1,none
168,REL548935262678336699,video,no,yes,no,-1,none
169,REL259755924193270807,video,no,yes,no,-1,none
170,REL638629472401962958,video,no,yes,no,-1,none
171,REL658321938692239668,video,no,yes,no,-1,none
172,REL880121294435733904,video,no,yes,no,-1,none
173,REL972833605035012480,video,no,yes,no,-1,none
174,REL136852264257147794,video,no,yes,no,-1,none
175,REL470418401974653920,video,no,yes,no,-1,none
176,REL133273654481056833,video,no,yes,no,-1,none
177,REL796348614476463738,video,no,yes,no,-1,none
178,REL872312774162340890,video,no,yes,no,-1,none
179,REL906071393245327209,video,no,yes,no,-1,none
180,REL631288225794834138,video,no,yes,no,-1,none
181,REL407734244691094328,video,no,yes,no,-1,none
182,REL617384736660730292,video,no,yes,no,-1,none
183,REL547224936517314530,video,no,yes,no,-1,none
184,REL671086238456617530,video,no,yes,no,-1,none
185,REL356086787600642809,video,no,yes,no,-1,none
186,REL631670314747389543,video,no,yes,no,-1,none
187,REL886882928761726709,video,no,yes,no,-1,none
188,REL995231574041522352,video,no,yes,no,-1,none
189,REL605953660363815014,video,no,yes,no,-1,none
190,REL963797070096298401,video,no,yes,no,-1,none
191,REL564479021131401178,video,no,yes,no,-1,none
192,REL286318487372330844,video,no,yes,no,-1,none
193,REL876488107366790298,video,no,yes,no,-1,none
194,REL857083335593460810,video,no,yes,no,-1,none
195,REL305427587917078573,video,no,yes,no,-1,none
196,REL224384834474677769,video,no,yes,no,-1,none
197,REL658134357965466690,video,no,yes,no,-1,none
198,REL657207177784276630,video,no,yes,no,-1,none
199,REL509011687268792128,video,no,yes,no,-1,none
200,REL640660526976378291,video,no,yes,no,-1,none
201,REL411830789866462854,video,no,yes,no,-1,none
202,REL901017511405926014,video,no,yes,no,-1,none
203,REL556563431423838985,video,no,yes,no,-1,none
204,REL907571979778684358,video,no,yes,no,-1,none
205,REL635110848001777985,video,no,yes,no,-1,none
206,REL886499648113421269,video,no,yes,no,-1,none
207,REL610244015787448194,video,no,yes,no,-1,none
208,REL568207060341394510,video,no,yes,no,-1,none
209,REL234436740731335721,video,no,yes,no,-1,none
210,REL522820799357345210,video,no,yes,no,-1,none
211,REL758022378987515878,video,no,yes,no,-1,none
212,REL189876229444656628,video,no,yes,no,-1,none
213,REL898813979639239066,video,no,yes,no,-1,none
214,REL941843232609845369,video,no,yes,no,-1,none
215,REL246584350499099491,video,no,yes,no,-1,none
216,REL892932446726083096,video,no,yes,no,-1,none
217,REL333495855869080891,video,no,yes,no,-1,none
218,REL327192661494628632,video,no,yes,no,-1,none
219,REL984130014794079251,video,no,yes,no,-1,none
220,REL861217262021928253,video,no,yes,no,-1,none
221,REL866739842015318754,video,no,yes,no,-1,none
222,REL795117688907111341,video,no,yes,no,-1,none
223,REL338085830036179979,video,no,yes,no,-1,none
224,REL866201184461983446,video,no,yes,no,-1,none
225,REL245128656566731771,video,no,yes,no,-1,none
226,REL582911212219380427,video,no,yes,no,-1,none
227,REL957884972414670115,video,no,yes,no,-1,none
228,REL925163566866276229,video,no,yes,no,-1,none
229,REL268515050153807367,video,no,yes,no,-1,none
230,REL407248360643554917,video,no,yes,no,-1,none
231,REL814271845476139730,video,no,yes,no,-1,none
232,REL352806747367739693,video,no,yes,no,-1,none
233,REL453634652413209968,video,no,yes,no,-1,none
234,REL525505575483098375,video,no,yes,no,-1,none
235,REL136228365945931443,video,no,yes,no,-1,none
236,REL372232253024135327,video,no,yes,no,-1,none
237,REL747804281519391591,video,no,yes,no,-1,none
238,REL496045097410197159,video,no,yes,no,-1,none
239,REL117789800808422592,video,no,yes,no,-1,none
240,REL216426523112447005,video,no,yes,no,-1,none
241,REL282270167131767444,video,no,yes,no,-1,none
242,REL388442045510214633,video,no,yes,no,-1,none
243,REL887596851990260539,video,no,yes,no,-1,none
244,REL540841830483216446,video,no,yes,no,-1,none
245,REL858990597185781142,video,no,yes,no,-1,none
246,REL316203648534102874,video,no,yes,no,-1,none
247,REL296970947915169014,video,no,yes,no,-1,none
248,REL855256479610892053,video,no,yes,no,-1,none
249,REL273331740907818901,video,no,yes,no,-1,none
250,REL224197765613114889,video,no,yes,no,-1,none
251,REL849276356431606488,video,no,yes,no,-1,none
252,REL992837804975249481,video,no,yes,no,-1,none
253,REL386493748866118326,video,no,yes,no,-1,none
254,REL848908067753787500,video,no,yes,no,-1,none
255,REL542131701752229549,video,no,yes,no,-1,none
256,REL160766632168673588,video,no,yes,no,-1,none
257,REL687031845819269900,video,no,yes,no,-1,none
258,REL837279891364582339,video,no,yes,no,-1,none
259,REL553760743951732518,video,no,yes,no,-1,none
260,REL207019313230564501,video,no,yes,no,-1,none
261,REL991349611624434206,video,no,yes,no,-1,none
262,REL885573062896760913,video,no,yes,no,-1,none
263,REL609778585728680234,video,no,yes,no,-1,none
264,REL537572868060047981,video,no,yes,no,-1,none
265,REL446832532771392745,video,no,yes,no,-1,none
266,REL100960718520472605,video,no,yes,no,-1,none
267,REL522960346258606060,video,no,yes,no,-1,none
268,REL711574308288062101,video,no,yes,no,-1,none
269,REL221222822431012669,video,no,yes,no,-1,none
270,REL649436560607609707,video,no,yes,no,-1,none
271,REL203793794299889271,video,no,yes,no,-1,none
272,REL997009490367238105,video,no,yes,no,-1,none
273,REL825571868900252742,video,no,yes,no,-1,none
274,REL457772522099493733,video,no,yes,no,-1,none
275,REL879530145697918079,video,no,yes,no,-1,none
276,REL939501657691284311,video,no,yes,no,-1,none
277,REL692878068835030924,video,no,yes,no,-1,none
278,REL750802421930847561,video,no,yes,no,-1,none
279,REL844110893731370043,video,no,yes,no,-1,none
280,REL931510360490886891,video,no,yes,no,-1,none
281,REL123879193485466949,video,no,yes,no,-1,none
282,REL397644460071494909,video,no,yes,no,-1,none
283,REL797417113043195276,video,no,yes,no,-1,none
284,REL634845424871422017,video,no,yes,no,-1,none
285,REL607953412323260762,video,no,yes,no,-1,none
286,REL815275502575814660,video,no,yes,no,-1,none
287,REL568411699390504930,video,no,yes,no,-1,none
288,REL136085508885498355,video,no,yes,no,-1,none
289,REL409726970257013282,video,no,yes,no,-1,none
290,REL686502521141494662,video,no,yes,no,-1,none
291,REL581140676160347875,video,no,yes,no,-1,none
292,REL140603271138350771,video,no,yes,no,-1,none
293,REL240181903877121497,video,no,yes,no,-1,none
294,REL971877089225439022,video,no,yes,no,-1,none
295,REL880572736451063288,video,no,yes,no,-1,none
296,REL816209708650273123,video,no,yes,no,-1,none
297,REL534644550524605621,video,no,yes,no,-1,none
298,REL801882859485080611,video,no,yes,no,-1,none
299,REL285237813711706835,video,no,yes,no,-1,none
300,REL144205879375036130,video,no,yes,no,-1,none
301,REL583496995324906018,video,no,yes,no,-1,none
302,REL413110698180933113,video,no,yes,no,-1,none
303,REL793695892298833085,video,no,yes,no,-1,none
304,REL305781042395903182,video,no,yes,no,-1,none
305,REL547882932128841021,video,no,yes,no,-1,none
306,REL479589456443105211,video,no,yes,no,-1,none
307,REL983248391127701553,video,no,yes,no,-1,none
308,REL803581342816550729,video,no,yes,no,-1,none
309,REL696276634929579940,video,no,yes,no,-1,none
310,REL762915783804159808,video,no,yes,no,-1,none
311,REL664142484505787794,video,no,yes,no,-1,none
312,REL277900284029175607,video,no,yes,no,-1,none
313,REL257662511070403371,video,no,yes,no,-1,none
314,REL595215722717431918,video,no,yes,no,-1,none
315,REL833565786596878764,video,no,yes,no,-1,none
316,REL452854020173898931,video,no,yes,no,-1,none
317,REL494939531621753891,video,no,yes,no,-1,none
318,REL880455048946035480,video,no,yes,no,-1,none
319,REL514838251965799218,video,no,yes,no,-1,none
320,REL596946432973984449,video,no,yes,no,-1,none
321,REL995341792258781071,video,no,yes,no,-1,none
322,REL944924818786334592,video,no,yes,no,-1,none
323,REL152150810084316989,video,no,yes,no,-1,none
324,REL830789381359490370,video,no,yes,no,-1,none
325,REL311730749574080566,video,no,yes,no,-1,none
326,REL798211977793381458,video,no,yes,no,-1,none
327,REL614050625850166988,video,no,yes,no,-1,none
328,REL455711188383004958,video,no,yes,no,-1,none
329,REL531475367325302061,video,no,yes,no,-1,none
330,REL931012270953231035,video,no,yes,no,-1,none
331,REL280506224189398671,video,no,yes,no,-1,none
332,REL339427785359498808,video,no,yes,no,-1,none
333,REL302220527091286398,video,no,yes,no,-1,none
334,REL289840949639841695,video,no,yes,no,-1,none
335,REL880681185534325372,video,no,yes,no,-1,none
336,REL755537469171768199,video,no,yes,no,-1,none
337,REL774417575529105423,video,no,yes,no,-1,none
338,REL455591653793101859,video,no,yes,no,-1,none
339,REL570781449351383468,video,no,yes,no,-1,none
340,REL416845606815314465,video,no,yes,no,-1,none
341,REL887985140074512568,video,no,yes,no,-1,none
342,REL793173802184069712,video,no,yes,no,-1,none
343,REL298142102037069796,video,no,yes,no,-1,none
344,REL127803553332428992,video,no,yes,no,-1,none
345,REL879947948938305230,video,no,yes,no,-1,none
346,REL307671674740495306,video,no,yes,no,-1,none
347,REL578451626825895452,video,no,yes,no,-1,none
348,REL414607250306830540,video,no,yes,no,-1,none
349,REL252221236644570225,video,no,yes,no,-1,none
350,REL219287872856272265,video,no,yes,no,-1,none
351,REL674620774988266586,video,no,yes,no,-1,none
352,REL816914556822422324,video,no,yes,no,-1,none
353,REL717444882555310199,video,no,yes,no,-1,none
354,REL918816960459910472,video,no,yes,no,-1,none
355,REL649301849911161846,video,no,yes,no,-1,none
356,REL502154958172737423,video,no,yes,no,-1,none
357,REL313355869286196950,video,no,yes,no,-1,none
358,REL935173547349241821,video,no,yes,no,-1,none
359,REL564118694669774892,video,no,yes,no,-1,none
360,REL262795987289881331,video,no,yes,no,-1,none
361,REL760119798519852296,video,no,yes,no,-1,none
362,REL393614525947651145,video,no,yes,no,-1,none
363,REL550188684382016927,video,no,yes,no,-1,none
364,REL336584198943804411,video,no,yes,no,-1,none
365,REL873973489331445422,video,no,yes,no,-1,none
366,REL987058991360807273,video,no,yes,no,-1,none
367,REL592554557084387300,video,no,yes,no,-1,none
368,REL397609297251717336,video,no,yes,no,-1,none
369,REL783406990020148674,video,no,yes,no,-1,none
370,REL158452101288949344,video,no,yes,no,-1,none
371,REL645909701675886884,video,no,yes,no,-1,none
372,REL260743758127406018,video,no,yes,no,-1,none
373,REL752335140022185757,video,no,yes,no,-1,none
374,REL301974303407217777,video,no,yes,no,-1,none
375,REL679608461304881593,video,no,yes,no,-1,none
376,REL643065361738847843,video,no,yes,no,-1,none
377,REL259000283194445484,video,no,yes,no,-1,none
378,REL956735911072817219,video,no,yes,no,-1,none
379,REL595291155127875471,video,no,yes,no,-1,none
380,REL238221801177503146,video,no,yes,no,-1,none
381,REL558847329451344473,video,no,yes,no,-1,none
382,REL517530057499045075,video,no,yes,no,-1,none
383,REL866549964477266854,video,no,yes,no,-1,none
384,REL235538458518703248,video,no,yes,no,-1,none
385,REL778393611679560206,video,no,yes,no,-1,none
386,REL957677645404093126,video,no,yes,no,-1,none
387,REL237421120457278660,video,no,yes,no,-1,none
388,REL569688791219970342,video,no,yes,no,-1,none
389,REL197800273723841685,video,no,yes,no,-1,none
390,REL577397061642771029,video,no,yes,no,-1,none
391,REL190258658645725251,video,no,yes,no,-1,none
392,REL808800026376895077,video,no,yes,no,-1,none
393,REL592289008820396406,video,no,yes,no,-1,none
394,REL391511136447359614,video,no,yes,no,-1,none
395,REL950874915195953640,video,no,yes,no,-1,none
396,REL974021636622095149,video,no,yes,no,-1,none
397,REL869927827076093544,video,no,yes,no,-1,none
398,REL452653938919047511,video,no,yes,no,-1,none
399,REL419696050709079807,video,no,yes,no,-1,none
400,REL292447739150198041,video,no,yes,no,-1,none
401,REL314619799344168330,video,no,yes,no,-1,none
402,REL742227948916675729,video,no,yes,no,-1,none
403,REL260121239466530117,video,no,yes,no,-1,none
404,REL316224053451677591,video,no,yes,no,-1,none
405,REL446650963620372338,video,no,yes,no,-1,none
406,REL991728788996009918,video,no,yes,no,-1,none
407,REL788281019139383835,video,no,yes,no,-1,none
408,REL936318019605535037,video,no,yes,no,-1,none
409,REL130761469835434227,video,no,yes,no,-1,none
410,REL472759769433403493,video,no,yes,no,-1,none
411,REL891470560138916660,video,no,yes,no,-1,none
412,REL331635081749631494,video,no,yes,no,-1,none
413,REL841521124945716821,video,no,yes,no,-1,none
414,REL573814081571512383,video,no,yes,no,-1,none
415,REL203667447982834702,video,no,yes,no,-1,none
416,REL561018673995964382,video,no,yes,no,-1,none
417,REL267376977888138260,video,no,yes,no,-1,none
418,REL999788803222909562,video,no,yes,no,-1,none
419,REL202617272201095928,video,no,yes,no,-1,none
420,REL271040694363637075,video,no,yes,no,-1,none
421,REL688357425319228585,video,no,yes,no,-1,none
422,REL222823498640059842,video,no,yes,no,-1,none
423,REL431990542663723646,video,no,yes,no,-1,none
424,REL410845053852542928,video,no,yes,no,-1,none
425,REL569782102706245701,video,no,yes,no,-1,none
426,REL512538662045361323,video,no,yes,no,-1,none
427,REL751088231539557937,video,no,yes,no,-1,none
428,REL132787176114594975,video,no,yes,no,-1,none
429,REL269293805309216269,video,no,yes,no,-1,none
430,REL279815437592319395,video,no,yes,no,-1,none
431,REL369212629749870053,video,no,yes,no,-1,none
432,REL780852742954579444,video,no,yes,no,-1,none
433,REL488035861427003583,video,no,yes,no,-1,none
434,REL416908426532980350,video,no,yes,no,-1,none
435,REL129333198922313048,video,no,yes,no,-1,none
436,REL278305967270881674,video,no,yes,no,-1,none
437,REL224722496298216592,video,no,yes,no,-1,none
438,REL253287179300646076,video,no,yes,no,-1,none
439,REL876293020367493000,video,no,yes,no,-1,none
440,REL593445986072369867,video,no,yes,no,-1,none
441,REL235116601074331392,video,no,yes,no,-1,none
442,REL336985554030837060,video,no,yes,no,-1,none
443,REL374932551134053157,video,no,yes,no,-1,none
444,REL724473400788101311,video,no,yes,no,-1,none
445,REL786026213473160515,video,no,yes,no,-1,none
446,REL423283957540963979,video,no,yes,no,-1,none
447,REL211533303478163465,video,no,yes,no,-1,none
448,REL322540374771500077,video,no,yes,no,-1,none
449,REL977131371925995278,video,no,yes,no,-1,none
450,REL160636874619705635,video,no,yes,no,-1,none
451,REL910250289653868468,video,no,yes,no,-1,none
452,REL746515506855839591,video,no,yes,no,-1,none
453,REL697910381590828508,video,no,yes,no,-1,none
454,REL533237857535492499,video,no,yes,no,-1,none
455,REL691600565591536292,video,no,yes,no,-1,none
456,REL191074030077999209,video,no,yes,no,-1,none
457,REL633047455399963991,video,no,yes,no,-1,none
458,REL501625019045178543,video,no,yes,no,-1,none
459,REL228706661193746658,video,no,yes,no,-1,none
460,REL404474972142667687,video,no,yes,no,-1,none
461,REL647793777364105406,video,no,yes,no,-1,none
462,REL597027808309608723,video,no,yes,no,-1,none
463,REL955446642822435544,video,no,yes,no,-1,none
464,REL678085670504381649,video,no,yes,no,-1,none
465,REL852976671765889955,video,no,yes,no,-1,none
466,REL431283943896953961,video,no,yes,no,-1,none
467,REL846178825002312632,video,no,yes,no,-1,none
468,REL627043385319021858,video,no,yes,no,-1,none
469,REL493290359480306688,video,no,yes,no,-1,none
470,REL387699010864378284,video,no,yes,no,-1,none
471,REL356698976944480660,video,no,yes,no,-1,none
472,REL710479547561537467,video,no,yes,no,-1,none
473,REL189956670197061748,video,no,yes,no,-1,none
474,REL590684411100376163,video,no,yes,no,-1,none
475,REL123415663196413070,video,no,yes,no,-1,none
476,REL249393620338324614,video,no,yes,no,-1,none
477,REL211969349853871519,video,no,yes,no,-1,none
478,REL470082859344003183,video,no,yes,no,-1,none
479,REL652778923189239397,video,no,yes,no,-1,none
480,REL795605578385372076,video,no,yes,no,-1,none
481,REL911934701568101119,video,no,yes,no,-1,none
482,REL604336506371085764,video,no,yes,no,-1,none
483,REL898985508142498736,video,no,yes,no,-1,none
484,REL278544666953375286,video,no,yes,no,-1,none
485,REL893455499118576967,video,no,yes,no,-1,none
486,REL832524115338613392,video,no,yes,no,-1,none
487,REL195348121291865449,video,no,yes,no,-1,none
488,REL825235265215560198,video,no,yes,no,-1,none
489,REL502548118217442258,video,no,yes,no,-1,none
490,REL771083192114071975,video,no,yes,no,-1,none
491,REL356780794239292410,video,no,yes,no,-1,none
492,REL443176784610791117,video,no,yes,no,-1,none
493,REL128934455590505167,video,no,yes,no,-1,none
494,REL738602563553398847,video,no,yes,no,-1,none
495,REL974794908431593298,video,no,yes,no,-1,none
496,REL991785230201984200,video,no,yes,no,-1,none
497,REL469307223009137445,video,no,yes,no,-1,none
498,REL102436546308208457,video,no,yes,no,-1,none
499,REL263370797298724456,video,no,yes,no,-1,none
500,REL788330800550015845,video,no,yes,no,-1,none
501,REL129642413228524533,video,no,yes,no,-1,none
502,REL882715866136268913,video,no,yes,no,-1,none
503,REL190469801275037628,video,no,yes,no,-1,none
504,REL991900223268839807,video,no,yes,no,-1,none
505,REL419252789076895374,video,no,yes,no,-1,none
506,REL674011036121119998,video,no,yes,no,-1,none
507,REL941462035179265819,video,no,yes,no,-1,none
508,REL621698247379053488,video,no,yes,no,-1,none
509,REL543216625300389693,video,no,yes,no,-1,none
510,REL265427311490650521,video,no,yes,no,-1,none
511,REL125463075074303215,video,no,yes,no,-1,none
512,REL711230831595004185,video,no,yes,no,-1,none
513,REL297994095394535296,video,no,yes,no,-1,none
514,REL715460215900668925,video,no,yes,no,-1,none
515,REL808247022230911486,video,no,yes,no,-1,none
516,REL157787966408917969,video,no,yes,no,-1,none
517,REL388753206345835472,video,no,yes,no,-1,none
518,REL472984543997326816,video,no,yes,no,-1,none
519,REL469397326199902107,video,no,yes,no,-1,none
520,REL324593358344848418,video,no,yes,no,-1,none
521,REL100890994533747493,video,no,yes,no,-1,none
522,REL121806418678826409,video,no,yes,no,-1,none
523,REL655894216152996523,video,no,yes,no,-1,none
524,REL478075208772512535,video,no,yes,no,-1,none
525,REL683897413499698983,video,no,yes,no,-1,none
526,REL580048687747929062,video,no,yes,no,-1,none
527,REL131023893549486579,video,no,yes,no,-1,none
528,REL630810985470273107,video,no,yes,no,-1,none
529,REL286873454884527768,video,no,yes,no,-1,none
530,REL320164419483125849,video,no,yes,no,-1,none
531,REL355241034645016609,video,no,yes,no,-1,none
532,REL799019808714361292,video,no,yes,no,-1,none
533,REL110628179361104165,video,no,yes,no,-1,none
534,REL331435426627699013,video,no,yes,no,-1,none
535,REL522220093274905224,video,no,yes,no,-1,none
536,REL739000847100291043,video,no,yes,no,-1,none
537,REL645625557505127355,video,no,yes,no,-1,none
538,REL811778617776940931,video,no,yes,no,-1,none
539,REL689602502282288395,video,no,yes,no,-1,none
540,REL771107500594269857,video,no,yes,no,-1,none
541,REL775752700092816261,video,no,yes,no,-1,none
542,REL953332916063350682,video,no,yes,no,-1,none
543,REL526818323282847923,video,no,yes,no,-1,none
544,REL440189805877510444,video,no,yes,no,-1,none
545,REL735488724153484283,video,no,yes,no,-1,none
546,REL788251797227582206,video,no,yes,no,-1,none
547,REL926798153555165657,video,no,yes,no,-1,none
548,REL545981323737288738,video,no,yes,no,-1,none
549,REL497710966370563487,video,no,yes,no,-1,none
550,REL758464313887210092,video,no,yes,no,-1,none
551,REL882182683466676180,video,no,yes,no,-1,none
552,REL202516529337119938,video,no,yes,no,-1,none
553,64200561109,author,no,no,no,-1,none
554,96492518134,author,no,no,no,-1,none
555,97892361811,author,no,no,no,-1,none
556,3595870785247504,author,no,no,no,-1,none
557,63333709399,author,no,no,no,-1,none
558,106354111423,author,no,no,no,-1,none
559,633793014136968,author,no,no,no,-1,none
560,3039476090415392,author,no,no,no,-1,none
561,438357cd-37c6-1039-bec7-897b1b0c451a,author,no,no,no,-1,none
562,63721794375,author,no,no,no,-1,none
563,3764327265343965,author,no,no,no,-1,none
564,3151644576458712,author,no,no,no,-1,none
565,62661317303,author,no,no,no,-1,none
566,703284873011213,author,no,no,no,-1,none
567,7578804824733467685,author,no,no,no,-1,none
568,2381997394894572,author,no,no,no,-1,none
569,732732988077836,author,no,no,no,-1,none
570,99718787746,author,no,no,no,-1,none
571,59329163612,author,no,no,no,-1,none
572,3109036737170028,author,no,no,no,-1,none
573,7597737761702331441,author,no,no,no,-1,none
574,4330305111468175,author,no,no,no,-1,none
575,3525448837659146,author,no,no,no,-1,none
576,731605969685483,author,no,no,no,-1,none
577,64637072394,author,no,no,no,-1,none
578,993562960605839,author,no,no,no,-1,none
579,599660525782585,author,no,no,no,-1,none
580,71743945053,author,no,no,no,-1,none
581,3087896753472157,author,no,no,no,-1,none
582,2561178482012730,author,no,no,no,-1,none
583,1174708630333469,author,no,no,no,-1,none
584,1113146619342252,author,no,no,no,-1,none
585,60483127446,author,no,no,no,-1,none
586,71122359724,author,no,no,no,-1,none
587,4214869907237674,author,no,no,no,-1,none
588,51006864113548,author,no,no,no,-1,none
589,2499623379545772,author,no,no,no,-1,none
590,2001555386803502,author,no,no,no,-1,none
591,100443192109,author,no,no,no,-1,none
592,2608478173538542,author,no,no,no,-1,none
593,1857503537928768,author,no,no,no,-1,none
594,7515758847228675130,author,no,no,no,-1,none
595,2694254131163224,author,no,no,no,-1,none
596,1482589988992014,author,no,no,no,-1,none
597,59618628613,author,no,no,no,-1,none
598,4239331869079003,author,no,no,no,-1,none
599,3611229244630589,author,no,no,no,-1,none
600,74324802337,author,no,no,no,-1,none
601,509795900595245,author,no,no,no,-1,none
602,106853351580,author,no,no,no,-1,none
603,2836366859970795,author,no,no,no,-1,none
604,7869942119,author,no,no,no,-1,none
605,59179341517,author,no,no,no,-1,none
606,73619174464,author,no,no,no,-1,none
607,111176973242,author,no,no,no,-1,none
608,86689707215,author,no,no,no,-1,none
609,435031951026852,author,no,no,no,-1,none
610,101876935254,author,no,no,no,-1,none
611,1470503327904825,author,no,no,no,-1,none
612,2575488305595082,author,no,no,no,-1,none
613,95824239857,author,no,no,no,-1,none
614,2197304320986480,author,no,no,no,-1,none
615,86728097704,author,no,no,no,-1,none
616,3249810519359780,author,no,no,no,-1,none
617,471035583937214,author,no,no,no,-1,none
618,1204672132025055,author,no,no,no,-1,none
619,3989478267953712,author,no,no,no,-1,none
620,1767610254885699,author,no,no,no,-1,none
621,71162148528,author,no,no,no,-1,none
622,1016361991801070,author,no,no,no,-1,none
623,102135554534,author,no,no,no,-1,none
624,109480953494,author,no,no,no,-1,none
625,1218683124070701,author,no,no,no,-1,none
626,3848732669384151,author,no,no,no,-1,none
627,7607340506407093285,author,no,no,no,-1,none
628,2578793671699738,author,no,no,no,-1,none
629,4003754445949388,author,no,no,no,-1,none
630,63701013892,author,no,no,no,-1,none
631,6827706130679010871,music,no,no,no,-1,none
632,6826291618422991346,music,no,no,no,-1,none
633,6827027266780559088,music,no,no,no,-1,none
634,6822583882012821559,music,no,no,no,-1,none
635,6822616921371345914,music,no,no,no,-1,none
636,6821609832976164647,music,no,no,no,-1,none
637,6827200340570106340,music,no,no,no,-1,none
638,6820479766228170102,music,no,no,no,-1,none
639,6827026560405425833,music,no,no,no,-1,none
640,6824784702761446297,music,no,no,no,-1,none
641,6824075828177381478,music,no,no,no,-1,none
642,6826007583927804368,music,no,no,no,-1,none
643,6826486904301648186,music,no,no,no,-1,none
644,6826489430976260501,music,no,no,no,-1,none
645,6823154662691952976,music,no,no,no,-1,none
646,6828745412163622441,music,no,no,no,-1,none
647,6829205807627303848,music,no,no,no,-1,none
648,6829595541150242340,music,no,no,no,-1,none
649,6820919950029183415,music,no,no,no,-1,none
650,6821910704676285755,music,no,no,no,-1,none
651,6825649530997448332,music,no,no,no,-1,none
652,6825915597448795713,music,no,no,no,-1,none
653,6821255615932671934,music,no,no,no,-1,none
654,6822584033243228467,music,no,no,no,-1,none
655,6825999857143648286,music,no,no,no,-1,none
656,6820277705884020387,music,no,no,no,-1,none
657,6820585433087545622,music,no,no,no,-1,none
658,6820881927700370437,music,no,no,no,-1,none
659,6824783642638461491,music,no,no,no,-1,none
660,6820962395495877675,music,no,no,no,-1,none
661,6826890757532588674,music,no,no,no,-1,none
662,6823879991207703730,music,no,no,no,-1,none
663,6822142744051333500,music,no,no,no,-1,none
664,6820695109664223225,music,no,no,no,-1,none
665,6825498461661031441,music,no,no,no,-1,none
666,6827817427024176324,music,no,no,no,-1,none
667,6828932245388093881,music,no,no,no,-1,none
668,6828976288293702521,music,no,no,no,-1,none
669,6829863627264128258,music,no,no,no,-1,none
670,6825231466594171857,music,no,no,no,-1,none
671,6825039330995296123,music,no,no,no,-1,none
672,6824387727883822487,music,no,no,no,-1,none
673,6822157054334217245,music,no,no,no,-1,none
674,6821394994576981854,music,no,no,no,-1,none
675,6827158325339485450,music,no,no,no,-1,none
676,6824433984382956026,music,no,no,no,-1,none
677,6820910586781794915,music,no,no,no,-1,none
678,6824837047168474601,music,no,no,no,-1,none
679,6826456833269918654,music,no,no,no,-1,none
680,6826229192643728631,music,no,no,no,-1,none
681,6826873793441041265,music,no,no,no,-1,none
682,6826254058423478842,music,no,no,no,-1,none
683,6823045441898139857,music,no,no,no,-1,none
684,6829957635927094770,music,no,no,no,-1,none
685,6826428276042058003,music,no,no,no,-1,none
686,6825859050000378386,music,no,no,no,-1,none
687,6828164803984054037,music,no,no,no,-1,none
688,6827807123430688466,music,no,no,no,-1,none
689,6820334070265016451,music,no,no,no,-1,none
690,6825821631602900229,music,no,no,no,-1,none
691,6827253161282509537,music,no,no,no,-1,none
692,6820115949697403152,music,no,no,no,-1,none
693,6823356302385729825,music,no,no,no,-1,none
694,6825150084875337672,music,no,no,no,-1,none
695,6820217091312038035,music,no,no,no,-1,none
696,6825802260225926889,music,no,no,no,-1,none
697,6828808768685339171,music,no,no,no,-1,none
698,6823014217239938470,music,no,no,no,-1,none
699,6824267203245585200,music,no,no,no,-1,none
700,6825705020588884684,music,no,no,no,-1,none
701,6820754311163662501,music,no,no,no,-1,none
702,6829311003315804333,music,no,no,no,-1,none
703,6825026253466203896,music,no,no,no,-1,none
704,6826049525763654281,music,no,no,no,-1,none
705,6821182636998597991,music,no,no,no,-1,none
706,6821569256209030619,music,no,no,no,-1,none
707,6820926907246698780,music,no,no,no,-1,none
708,6823497075966913828,music,no,no,no,-1,none
709,7104780968985568584,hashtag,no,no,no,-1,none
710,7104598714217158146,hashtag,no,no,no,-1,none
711,7108762426660558259,hashtag,no,no,no,-1,none
712,7100832297117456051,hashtag,no,no,no,-1,none
713,7104226690902358355,hashtag,no,no,no,-1,none
714,7102848308748896938,hashtag,no,no,no,-1,none
715,7106579725630720648,hashtag,no,no,no,-1,none
716,7101946228440479791,hashtag,no,no,no,-1,none
717,7108784609541150753,hashtag,no,no,no,-1,none
718,7108282308502720097,hashtag,no,no,no,-1,none
719,7109701423278303651,hashtag,no,no,no,-1,none
720,7101398125166069224,hashtag,no,no,no,-1,none
721,7100794517625300944,hashtag,no,no,no,-1,none
722,7108386528095011807,hashtag,no,no,no,-1,none
723,7105252026880041820,hashtag,no,no,no,-1,none
724,7102477222200974475,hashtag,no,no,no,-1,none
725,7101020789296787572,hashtag,no,no,no,-1,none
726,7103171265216097818,hashtag,no,no,no,-1,none
727,7104825994222469349,hashtag,no,no,no,-1,none
728,7102552611713663080,hashtag,no,no,no,-1,none
729,7106041897060461520,hashtag,no,no,no,-1,none
730,7106337886934283859,hashtag,no,no,no,-1,none
731,7101307801652350784,hashtag,no,no,no,-1,none
732,7102902302464841518,hashtag,no,no,no,-1,none
733,7100543417287338032,hashtag,no,no,no,-1,none
734,7103354082162405012,hashtag,no,no,no,-1,none
735,7103408173696252821,hashtag,no,no,no,-1,none
736,7101547638172632299,hashtag,no,no,no,-1,none
737,7108076459100009630,hashtag,no,no,no,-1,none
738,7102972661225908504,hashtag,no,no,no,-1,none
739,7109872858047797239,hashtag,no,no,no,-1,none
740,7101210694038438054,hashtag,no,no,no,-1,none
741,7105088742382212340,hashtag,no,no,no,-1,none
742,7101255481989719206,hashtag,no,no,no,-1,none
743,7101546246175183164,hashtag,no,no,no,-1,none
744,7101451162153748499,hashtag,no,no,no,-1,none
745,7100941270073759909,hashtag,no,no,no,-1,none
746,7105879979992409345,hashtag,no,no,no,-1,none
747,7102823699515605991,hashtag,no,no,no,-1,none
748,7105967462474704792,hashtag,no,no,no,-1,none
749,7105096462868988660,hashtag,no,no,no,-1,none
750,7109567697591712671,hashtag,no,no,no,-1,none
751,7104145540971010139,hashtag,no,no,no,-1,none
752,7101004358674798596,hashtag,no,no,no,-1,none
753,7108233592680433414,hashtag,no,no,no,-1,none
754,7107623259903217389,hashtag,no,no,no,-1,none
755,7108146964682853127,hashtag,no,no,no,-1,none
756,7108440745560226426,hashtag,no,no,no,-1,none
757,7103430459139060384,hashtag,no,no,no,-1,none
758,7101772898861159857,hashtag,no,no,no,-1,none
759,7103387408904400860,hashtag,no,no,no,-1,none
760,7103974765378317361,hashtag,no,no,no,-1,none
761,7101095401351113465,hashtag,no,no,no,-1,none
762,7108357659363812413,hashtag,no,no,no,-1,none
763,7108371184612581200,hashtag,no,no,no,-1,none
764,7102957724191963183,hashtag,no,no,no,-1,none
765,7105050067266226611,hashtag,no,no,no,-1,none
766,7108003280665787404,hashtag,no,no,no,-1,none
767,7105664603256200943,hashtag,no,no,no,-1,none
768,7103973884792238708,hashtag,no,no,no,-1,none
769,7109813388387451579,hashtag,no,no,no,-1,none
770,7105430471486571791,hashtag,no,no,no,-1,none
771,7106788732456488747,hashtag,no,no,no,-1,none
772,7106372735159623288,hashtag,no,no,no,-1,none
773,7101833103809885397,hashtag,no,no,no,-1,none
774,7102582810779280898,hashtag,no,no,no,-1,none
775,7106223675183954634,hashtag,no,no,no,-1,none
776,7106284455842232888,hashtag,no,no,no,-1,none
777,7100774242286296179,hashtag,no,no,no,-1,none
778,7103392759810342271,hashtag,no,no,no,-1,none
779,7109659745974202375,hashtag,no,no,no,-1,none
780,7104187840664592179,hashtag,no,no,no,-1,none
781,7109292525700911703,hashtag,no,no,no,-1,none
782,7107170285864721118,hashtag,no,no,no,-1,none
783,7107280623389084065,hashtag,no,no,no,-1,none
784,7107135318835088205,hashtag,no,no,no,-1,none
785,7109306720563165119,hashtag,no,no,no,-1,none
786,7105066119195040026,hashtag,no,no,no,-1,none
787,7105537005617504716,hashtag,no,no,no,-1,none
788,7108584665075021500,hashtag,no,no,no,-1,none
789,7103819734199805087,hashtag,no,no,no,-1,none
790,7103095167159664955,hashtag,no,no,no,-1,none
791,7101938589464058515,hashtag,no,no,no,-1,none
792,7108558588914069112,hashtag,no,no,no,-1,none
793,7104825490962861431,hashtag,no,no,no,-1,none
794,7108098605891592198,hashtag,no,no,no,-1,none
795,7109871740744847894,hashtag,no,no,no,-1,none
796,7102729651110948102,hashtag,no,no,no,-1,none
797,7101023963142974676,hashtag,no,no,no,-1,none
798,7103540767873975792,hashtag,no,no,no,-1,none
799,7108554155293421336,hashtag,no,no,no,-1,none
800,7102381370203972819,hashtag,no,no,no,-1,none
801,7107326689381441765,hashtag,no,no,no,-1,none
802,7108013738459848647,hashtag,no,no,no,-1,none
803,7101965853942514620,hashtag,no,no,no,-1,none
804,7105043606593316749,hashtag,no,no,no,-1,none
805,7106382874483545047,hashtag,no,no,no,-1,none
806,7109736917852516870,hashtag,no,no,no,-1,none
807,7105646825589177116,hashtag,no,no,no,-1,none
808,7101595941049703405,hashtag,no,no,no,-1,none
809,7106525629502040164,hashtag,no,no,no,-1,none
810,7105073137085770213,hashtag,no,no,no,-1,none
811,7108162471417058893,hashtag,no,no,no,-1,none
812,7103844641018579906,hashtag,no,no,no,-1,none
813,7104806481849512252,hashtag,no,no,no,-1,none
814,7108541663541726411,hashtag,no,no,no,-1,none
815,7103257845925377592,hashtag,no,no,no,-1,none
816,7104274597365956788,hashtag,no,no,no,-1,none
817,7106210788466455289,hashtag,no,no,no,-1,none
818,7105306802868538413,hashtag,no,no,no,-1,none
819,7102722210418622863,hashtag,no,no,no,-1,none
820,7100220747330543979,hashtag,no,no,no,-1,none
821,7101636075333521389,hashtag,no,no,no,-1,none
822,7106390433148702388,hashtag,no,no,no,-1,none
823,7100455914540581717,hashtag,no,no,no,-1,none
824,7104642810205615838,hashtag,no,no,no,-1,none
825,7106109947864576055,hashtag,no,no,no,-1,none
826,7103706814933728371,hashtag,no,no,no,-1,none
827,7107716306246409823,hashtag,no,no,no,-1,none
828,7102786109240562987,hashtag,no,no,no,-1,none
829,7105639800334474776,hashtag,no,no,no,-1,none
830,7109787150131813146,hashtag,no,no,no,-1,none
831,7100904212286098901,hashtag,no,no,no,-1,none
832,7104991706186857510,hashtag,no,no,no,-1,none
833,7108918376581661195,hashtag,no,no,no,-1,none
834,7108671394055753913,hashtag,no,no,no,-1,none
835,7105074593032562639,hashtag,no,no,no,-1,none
836,7102393492948523557,hashtag,no,no,no,-1,none
837,7109803415553132673,hashtag,no,no,no,-1,none
838,7100092453597593136,hashtag,no,no,no,-1,none
839,7101111624504979459,hashtag,no,no,no,-1,none
840,7106425863383687691,hashtag,no,no,no,-1,none
841,7100975218942052272,hashtag,no,no,no,-1,none
842,7102887547566395934,hashtag,no,no,no,-1,none
843,7104683373279808668,hashtag,no,no,no,-1,none
844,7105081951654512002,hashtag,no,no,no,-1,none
845,7109719627527298037,hashtag,no,no,no,-1,none
846,7100082883871405008,hashtag,no,no,no,-1,none
847,7102979305780462582,hashtag,no,no,no,-1,none
848,7103602525092521547,hashtag,no,no,no,-1,none
849,7105685059821718694,hashtag,no,no,no,-1,none
850,7100488492649272356,hashtag,no,no,no,-1,none
851,7100356228020126989,hashtag,no,no,no,-1,none
852,7104094378734399578,hashtag,no,no,no,-1,none
853,7100605076753408876,hashtag,no,no,no,-1,none
854,7108341618188228893,hashtag,no,no,no,-1,none
855,7107688973932516393,hashtag,no,no,no,-1,none
856,7102401242407571018,hashtag,no,no,no,-1,none
857,7101707863459778431,hashtag,no,no,no,-1,none
858,7103490890721382522,hashtag,no,no,no,-1,none
859,7104660150285332109,hashtag,no,no,no,-1,none
860,7106104750723314752,hashtag,no,no,no,-1,none
861,7105236057903051600,hashtag,no,no,no,-1,none
862,7102662307443950435,hashtag,no,no,no,-1,none
863,7100111909188814768,hashtag,no,no,no,-1,none
864,7105202208997168864,hashtag,no,no,no,-1,none
865,7108489150775649858,hashtag,no,no,no,-1,none
866,7102131991026748269,hashtag,no,no,no,-1,none
867,7105296421916304400,hashtag,no,no,no,-1,none
868,7102461473012416105,hashtag,no,no,no,-1,none
869,7109106555892742519,hashtag,no,no,no,-1,none
870,7101951256806573523,hashtag,no,no,no,-1,none
871,7104685843238728833,hashtag,no,no,no,-1,none
872,7106761364729611616,hashtag,no,no,no,-1,none
873,7100515399724827759,hashtag,no,no,no,-1,none
874,7105519331537057486,hashtag,no,no,no,-1,none
875,7101867656143109506,hashtag,no,no,no,-1,none
876,7108914462164790771,hashtag,no,no,no,-1,none
877,7102657400161708968,hashtag,no,no,no,-1,none
878,7107581725700457969,hashtag,no,no,no,-1,none
879,7108338760986538914,hashtag,no,no,no,-1,none
880,7109086817739143003,hashtag,no,no,no,-1,none
881,7104624948732429844,hashtag,no,no,no,-1,none
882,7106864784692113509,hashtag,no,no,no,-1,none
883,7106249124710864429,hashtag,no,no,no,-1,none
884,7102791634026753527,hashtag,no,no,no,-1,none
885,7107562070309432208,hashtag,no,no,no,-1,none
886,7104469793142187583,hashtag,no,no,no,-1,none
887,7102924892595714633,hashtag,no,no,no,-1,none
888,7103824437863633094,hashtag,no,no,no,-1,none
889,7100434673285997458,hashtag,no,no,no,-1,none
890,7104332144641840521,hashtag,no,no,no,-1,none
891,7103303864895960817,hashtag,no,no,no,-1,none
892,7101936125861600974,hashtag,no,no,no,-1,none
893,7108564896430973904,hashtag,no,no,no,-1,none
894,7106048719097497953,hashtag,no,no,no,-1,none
895,7108189429801042473,hashtag,no,no,no,-1,none
896,7102806871315077081,hashtag,no,no,no,-1,none
897,7101728210369004263,hashtag,no,no,no,-1,none
898,7104443804605812534,hashtag,no,no,no,-1,none
899,7104764840904758460,hashtag,no,no,no,-1,none
900,7105258689349142071,hashtag,no,no,no,-1,none
901,7102621830050052358,hashtag,no,no,no,-1,none
902,7101588385958047702,hashtag,no,no,no,-1,none
903,7101612190627279229,hashtag,no,no,no,-1,none
904,7101487329758761907,hashtag,no,no,no,-1,none
905,7100706229879446901,hashtag,no,no,no,-1,none
906,7104108233397334974,hashtag,no,no,no,-1,none
907,7102824916860801131,hashtag,no,no,no,-1,none
908,7105644244915257918,hashtag,no,no,no,-1,none
909,7104855603667910824,hashtag,no,no,no,-1,none
910,7108512901380783755,hashtag,no,no,no,-1,none
911,7108950450263159464,hashtag,no,no,no,-1,none
912,7107659539692538683,hashtag,no,no,no,-1,none
913,7109432328946512068,hashtag,no,no,no,-1,none
914,7106491894159903281,hashtag,no,no,no,-1,none
915,7109831688598645927,hashtag,no,no,no,-1,none
916,7109749777505342935,hashtag,no,no,no,-1,none
917,7105591562106350207,hashtag,no,no,no,-1,none
918,7103298902085783007,hashtag,no,no,no,-1,none
919,7102166254463966376,hashtag,no,no,no,-1,none
920,7103464710812687341,hashtag,no,no,no,-1,none
921,7103006097330954696,hashtag,no,no,no,-1,none
922,7105747383817647202,hashtag,no,no,no,-1,none
923,7106308640414962055,hashtag,no,no,no,-1,none
924,7103701698227720408,hashtag,no,no,no,-1,none
925,7108742966137374196,hashtag,no,no,no,-1,none
926,7101800309229957553,hashtag,no,no,no,-1,none
927,7104674001171990730,hashtag,no,no,no,-1,none
928,7105819779001781436,hashtag,no,no,no,-1,none
929,7100219656874363584,hashtag,no,no,no,-1,none
930,7104977750976494013,hashtag,no,no,no,-1,none
931,7102735747941503998,hashtag,no,no,no,-1,none
932,7103329262091044135,hashtag,no,no,no,-1,none
933,7106690226588919074,hashtag,no,no,no,-1,none
934,7106761995028905656,hashtag,no,no,no,-1,none
935,7101255675232229412,hashtag,no,no,no,-1,none
936,7106178364764067892,hashtag,no,no,no,-1,none
937,7106421205251333610,hashtag,no,no,no,-1,none
938,TAG_LIFESTYLE,tag,no,no,no,-1,none
939,TAG_TECHNOLOGY,tag,no,no,no,-1,none
940,TAG_SPORTS,tag,no,no,no,-1,none
941,TAG_FUNNY,tag,no,no,no,-1,none
942,TAG_MUSIC,tag,no,no,no,-1,none
943,TAG_EDUCATION,tag,no,no,no,-1,none
944,TAG_GAMING,tag,no,no,no,-1,none
945,TAG_FASHION,tag,no,no,no,-1,none
946,TAG_PETS,tag,no,no,no,-1,none
947,TAG_TRAVEL,tag,no,no,no,-1,none
948,TAG_FOOD,tag,no,no,no,-1,none
949,TAG_ENTERTAINMENT,tag,no,no,no,-1,none
